CSDNAME,CSDUID,"Population, 2021","Population percentage change, 2016 to 2021 (%)",Total private dwellings,Private dwellings occupied by usual residents,Land Area (sq km),Population Density (sq km),Proportion of the Labour Force that is Men+ (%),Proportion of the Employed Population that is Men+ (%),Indigenous identity (%),Single Indigenous responses (%),First Nations (%),Métis (%),Inuit (%),Multiple Indigenous responses (%),Indigenous responses nie (%),Non-Indigenous identity (%),visible minority population  (%),Aggregate after-tax income of households
Conception Bay South,1001485,27168.0,3.7,11364.0,10711.0,59.72,454.9,50.7071,49.8256,3.6,3.3,2.0,0.9,0.5,0.1,0.2,96.4,1.028,952000000.0
Paradise,1001517,22957.0,7.3,9331.0,8813.0,29.67,773.8,49.9629,48.7409,3.8,3.4,2.2,0.9,0.3,0.0,0.4,96.2,1.5132,886000000.0
Mount Pearl,1001542,22477.0,-2.8,10685.0,9931.0,15.65,1436.2,50.2737,49.0884,2.9,2.8,1.8,0.6,0.4,0.1,0.1,97.1,2.2814,798000000.0
Massey Drive,1005017,1606.0,-1.6,670.0,626.0,2.45,655.1,50.5102,50.8287,27.1,25.2,21.2,3.4,0.0,0.0,1.9,72.9,,60800000.0
Charlottetown,1102075,38809.0,7.5,18364.0,17184.0,44.27,876.6,50.7918,50.4057,2.0,1.9,1.3,0.5,0.1,0.0,0.1,98.0,21.7686,1196000000.0
Stratford,1102080,10927.0,12.5,4667.0,4307.0,22.67,482.0,51.0566,50.2757,1.5,1.5,1.0,0.4,0.1,0.0,0.0,98.5,14.424,384000000.0
Kensington,1103014,1812.0,11.9,897.0,865.0,3.17,571.6,52.3256,53.1646,2.5,2.5,0.8,1.4,0.0,0.0,0.0,97.5,,54800000.0
Summerside,1103025,16001.0,7.8,7393.0,7097.0,28.21,567.2,49.9692,49.794,2.1,1.9,0.9,0.7,0.3,0.1,0.2,97.9,8.9418,472000000.0
Yarmouth,1202006,6829.0,4.8,3569.0,3259.0,10.57,646.3,48.398,47.9042,14.3,14.0,2.9,11.0,0.2,0.3,0.0,85.7,8.4528,177600000.0
Digby,1203006,2001.0,-2.9,1133.0,1030.0,3.16,634.0,52.3529,52.8571,8.2,7.9,3.7,4.2,0.0,0.0,0.0,91.6,,50600000.0
Bridgewater,1206004,8790.0,3.0,4493.0,4260.0,13.63,644.9,48.4772,48.6252,4.3,4.2,2.4,1.8,0.0,0.0,0.0,95.7,5.2972,252800000.0
Lunenburg,1206006,2396.0,5.9,1242.0,1089.0,4.04,593.3,49.5192,50.2825,1.4,1.4,0.5,0.9,0.0,0.0,0.0,98.9,,75200000.0
Wolfville,1207024,5057.0,20.5,2856.0,2441.0,6.46,783.3,50.3861,50.1188,4.4,4.1,2.7,1.2,0.2,0.0,0.3,95.6,12.6674,158000000.0
Amherst,1211011,9404.0,-0.1,4799.0,4480.0,12.07,779.4,48.9078,48.2094,3.0,2.8,1.6,1.0,0.0,0.0,0.0,97.0,4.9757,264500000.0
Stellarton,1212009,4007.0,-4.8,2017.0,1881.0,8.99,445.6,47.7157,47.6471,2.0,2.0,1.8,0.4,0.0,0.0,0.0,97.9,,123400000.0
New Glasgow,1212014,9471.0,4.4,4782.0,4445.0,9.96,951.3,47.958,48.5411,3.2,3.0,1.5,1.4,0.2,0.0,0.0,96.8,9.8423,286000000.0
Antigonish,1214002,4656.0,6.7,2675.0,2205.0,4.98,934.5,48.394,48.0519,4.0,3.8,1.3,2.4,0.0,0.0,0.0,96.0,,132000000.0
Oromocto,1303012,9045.0,-1.9,3897.0,3663.0,22.36,404.5,57.5665,58.4137,4.3,4.1,2.6,1.1,0.3,0.1,0.1,95.8,3.7305,305500000.0
Sussex,1305022,4440.0,3.7,2219.0,2065.0,8.9,498.9,47.3008,45.6647,2.1,2.1,0.8,1.2,0.0,0.0,0.0,98.0,,126400000.0
Riverview,1306020,20584.0,4.7,8797.0,8651.0,34.1,603.7,51.1121,51.354,1.9,1.9,1.2,0.6,0.0,0.0,0.0,98.1,6.4548,674000000.0
Moncton,1307022,79470.0,10.5,37318.0,35118.0,140.67,564.9,51.0278,50.6012,2.7,2.6,1.4,1.1,0.1,0.0,0.1,97.3,14.9151,2460000000.0
Fredericton,1310032,63116.0,7.5,29892.0,28478.0,133.93,471.3,50.9669,50.7439,3.5,3.3,2.5,0.7,0.2,0.0,0.1,96.5,14.005,2168000000.0
Saint-Quentin,1314022,2141.0,-2.4,1015.0,976.0,4.24,504.7,52.8037,49.4444,4.0,3.5,2.0,1.5,0.0,0.0,0.0,96.3,,59000000.0
Price,2409065,1729.0,-1.7,794.0,760.0,2.51,688.8,49.6503,50.0,3.6,3.6,1.8,1.8,0.0,0.0,0.0,96.1,,45000000.0
Trois-Pistoles,2411040,3115.0,-4.0,1727.0,1562.0,7.63,408.1,48.75,49.7778,1.7,1.7,0.9,0.9,0.0,0.0,0.0,98.4,,90400000.0
Boischatel,2421045,8231.0,8.5,3128.0,3050.0,20.36,404.3,50.6667,51.1085,1.0,0.9,0.5,0.4,0.0,0.0,0.0,99.0,2.7933,329000000.0
Québec,2423027,549459.0,3.3,283219.0,265711.0,452.3,1214.8,51.4779,51.5193,1.8,1.6,1.0,0.6,0.0,0.0,0.1,98.2,9.4417,19160000000.0
L'Ancienne-Lorette,2423057,16970.0,2.6,7516.0,7314.0,7.72,2197.0,52.081,52.266,0.8,0.8,0.6,0.2,0.0,0.0,0.1,99.2,4.8951,613000000.0
Plessisville,2432040,6414.0,-2.1,3456.0,3158.0,4.92,1304.2,54.4141,54.9834,0.8,0.8,0.5,0.4,0.0,0.0,0.0,99.2,4.5527,186400000.0
Trois-Rivières,2437067,139163.0,3.5,70411.0,66822.0,288.65,482.1,50.9317,50.4751,1.9,1.8,1.1,0.6,0.0,0.0,0.1,98.1,5.9996,4360000000.0
Victoriaville,2439062,47760.0,3.5,23106.0,21864.0,84.33,566.4,50.9067,51.1518,1.1,1.1,0.7,0.4,0.0,0.0,0.1,98.8,3.8563,1412000000.0
East Angus,2441060,3840.0,4.9,1718.0,1653.0,7.84,489.8,54.2029,55.6923,2.3,2.2,1.4,0.7,0.0,0.0,0.0,97.5,,104200000.0
Richmond,2442098,3259.0,0.8,1720.0,1609.0,6.98,466.8,55.627,55.0676,1.7,1.6,0.8,0.8,0.0,0.0,0.0,98.3,,88400000.0
Sherbrooke,2443027,172950.0,7.2,86019.0,80476.0,353.4,489.4,51.1411,51.1849,1.7,1.6,1.1,0.5,0.1,0.0,0.1,98.3,9.6453,5350000000.0
Bedford,2446035,2558.0,-0.1,1324.0,1233.0,4.23,604.3,49.1667,49.7758,2.2,2.0,2.0,0.0,0.0,0.0,0.0,97.8,,71200000.0
Granby,2447017,69025.0,4.2,32766.0,31850.0,152.69,452.1,52.1513,52.0358,2.0,1.7,1.3,0.4,0.0,0.1,0.2,98.0,5.4588,2108000000.0
Waterloo,2447025,4920.0,11.6,2404.0,2242.0,12.23,402.2,50.7368,50.5669,1.7,1.5,1.5,0.0,0.0,0.0,0.2,98.3,,138000000.0
Notre-Dame-du-Bon-Conseil,2449075,1708.0,9.7,730.0,711.0,4.2,406.5,50.5952,51.5337,3.4,3.4,1.8,1.5,0.0,0.0,0.0,96.6,,47600000.0
Berthierville,2452035,4386.0,4.7,2225.0,2166.0,6.77,647.8,52.9126,52.4051,1.7,1.3,0.6,0.6,0.0,0.0,0.4,98.3,,120600000.0
Saint-Gabriel,2452080,2803.0,6.2,1502.0,1366.0,2.81,998.6,52.7273,50.0,1.0,1.0,0.4,0.0,0.0,0.0,0.0,98.9,,68400000.0
Saint-Joseph-de-Sorel,2453050,1581.0,-3.7,917.0,861.0,1.36,1164.5,56.7568,54.8387,1.6,1.3,0.0,0.6,0.0,0.0,0.0,98.4,,39200000.0
Sorel-Tracy,2453052,35165.0,1.2,17749.0,17069.0,57.28,614.0,51.9231,51.7541,1.4,1.2,0.9,0.3,0.1,0.0,0.1,98.6,2.4618,1092000000.0
Sainte-Madeleine,2454025,2268.0,1.6,983.0,957.0,5.36,422.9,53.9924,54.4355,2.2,0.9,0.0,0.4,0.0,0.0,1.3,98.0,,72000000.0
Saint-Jean-sur-Richelieu,2456083,97873.0,2.9,44255.0,42913.0,226.93,431.3,51.6982,51.5745,1.5,1.4,0.8,0.6,0.0,0.0,0.1,98.5,4.1172,3200000000.0
Chambly,2457005,31444.0,8.0,12609.0,12405.0,25.08,1253.7,49.9577,49.8227,1.2,1.2,0.7,0.4,0.0,0.0,0.1,98.8,9.8398,1158000000.0
Saint-Basile-le-Grand,2457020,17053.0,0.0,6635.0,6561.0,35.84,475.8,51.0831,50.6349,1.2,1.1,0.5,0.5,0.0,0.0,0.1,98.8,5.7396,648000000.0
McMasterville,2457025,5936.0,4.2,2459.0,2408.0,3.12,1904.0,49.9232,49.4346,1.0,1.0,0.9,0.0,0.0,0.0,0.0,99.1,2.1486,191600000.0
Otterburn Park,2457030,8479.0,0.7,3381.0,3335.0,5.37,1578.2,50.9645,50.9574,0.9,0.9,0.6,0.4,0.0,0.0,0.0,99.0,3.3608,316000000.0
Mont-Saint-Hilaire,2457035,18859.0,1.5,7917.0,7766.0,44.08,427.8,50.674,50.557,1.0,1.0,0.8,0.2,0.0,0.1,0.0,99.0,3.7957,804000000.0
Beloeil,2457040,24104.0,7.3,10338.0,10140.0,24.38,988.8,51.0109,51.2474,0.9,0.8,0.6,0.3,0.0,0.0,0.0,99.1,4.5062,860000000.0
Brossard,2458007,91525.0,6.8,37275.0,35885.0,45.19,2025.3,51.9171,51.9644,0.5,0.5,0.3,0.2,0.0,0.0,0.0,99.5,50.2889,3045000000.0
Saint-Lambert,2458012,22761.0,4.1,11058.0,10552.0,7.56,3009.8,49.1413,49.0076,0.8,0.7,0.5,0.2,0.0,0.0,0.0,99.2,13.4205,1150000000.0
Boucherville,2458033,41743.0,0.2,17733.0,17291.0,71.02,587.8,50.5454,50.5632,0.8,0.7,0.5,0.2,0.0,0.0,0.1,99.2,8.6717,1872000000.0
Saint-Bruno-de-Montarville,2458037,26273.0,0.3,10629.0,10446.0,42.85,613.2,50.4248,50.427,1.1,1.1,0.7,0.4,0.0,0.0,0.0,98.9,7.3867,1170000000.0
Longueuil,2458227,254483.0,6.1,117006.0,113086.0,115.77,2198.2,51.494,51.5516,1.3,1.2,0.7,0.5,0.0,0.0,0.0,98.7,25.2511,8200000000.0
Sainte-Julie,2459010,30045.0,0.5,11761.0,11609.0,48.49,619.6,49.9273,49.8627,1.2,1.1,0.7,0.4,0.0,0.0,0.1,98.8,5.9134,1166000000.0
Charlemagne,2460005,6302.0,6.6,3217.0,3149.0,2.17,2906.2,52.0362,52.1739,1.3,1.2,0.6,0.6,0.0,0.0,0.0,98.8,8.4921,208800000.0
Repentigny,2460013,86100.0,2.2,34710.0,34174.0,61.52,1399.6,50.3578,50.2615,1.0,1.0,0.6,0.4,0.0,0.0,0.0,99.0,17.5619,2945000000.0
Joliette,2461025,21384.0,4.4,11153.0,10568.0,22.96,931.2,51.0718,51.1111,2.4,2.2,1.8,0.4,0.0,0.0,0.2,97.6,7.1062,616000000.0
Notre-Dame-des-Prairies,2461030,9471.0,2.1,4547.0,4446.0,18.1,523.2,49.5614,49.6487,1.0,0.8,0.5,0.3,0.0,0.0,0.2,99.0,1.5352,330000000.0
Saint-Charles-Borromée,2461035,15285.0,10.8,7259.0,6850.0,18.48,827.0,48.1451,48.3126,2.1,1.9,1.0,0.8,0.0,0.0,0.2,97.9,2.6297,466000000.0
Terrebonne,2464008,119944.0,7.5,46056.0,45247.0,153.76,780.1,50.9411,50.8755,1.3,1.2,0.8,0.5,0.0,0.0,0.1,98.7,17.5145,4010000000.0
Mascouche,2464015,51183.0,9.6,20290.0,19981.0,106.89,478.8,50.3434,50.2503,1.4,1.2,0.7,0.5,0.0,0.0,0.1,98.6,9.7235,1728000000.0
Laval,2465005,438366.0,3.6,176115.0,169785.0,246.13,1781.0,51.3825,51.2928,0.8,0.7,0.4,0.3,0.0,0.0,0.0,99.2,32.6547,14320000000.0
Montréal,2466023,1762949.0,3.4,878542.0,816338.0,364.74,4833.5,51.9351,51.7789,0.9,0.8,0.5,0.3,0.0,0.0,0.0,99.1,38.8207,56800000000.0
Westmount,2466032,19658.0,-3.2,9423.0,8591.0,4.04,4860.9,50.9835,50.6912,0.3,0.3,0.2,0.1,0.0,0.0,0.1,99.7,20.4304,1548000000.0
Montréal-Ouest,2466047,5115.0,1.3,2031.0,1943.0,1.37,3737.9,51.9097,52.7619,0.6,0.6,0.2,0.4,0.0,0.0,0.0,99.5,18.3154,247200000.0
Côte-Saint-Luc,2466058,34504.0,6.3,15548.0,14603.0,7.04,4903.7,51.1577,51.4883,0.3,0.2,0.2,0.1,0.0,0.0,0.0,99.7,27.0988,1250000000.0
Hampstead,2466062,7037.0,0.9,2622.0,2493.0,1.79,3922.1,52.075,52.43,0.1,0.0,0.0,0.0,0.0,0.0,0.0,99.9,20.1137,481000000.0
Mont-Royal,2466072,20953.0,3.3,8192.0,7732.0,7.55,2776.7,51.7866,52.2317,0.2,0.1,0.1,0.0,0.0,0.0,0.1,99.8,32.3266,1124000000.0
Dorval,2466087,19302.0,1.7,9058.0,8716.0,20.91,923.0,52.0128,52.0387,0.9,0.8,0.4,0.3,0.2,0.0,0.1,99.1,27.9779,758000000.0
Pointe-Claire,2466097,33488.0,6.7,13823.0,13313.0,18.91,1770.9,50.4593,50.5179,1.1,1.0,0.6,0.3,0.2,0.0,0.0,98.9,25.4119,1258000000.0
Kirkland,2466102,19413.0,-3.7,6790.0,6666.0,9.65,2012.0,51.941,51.8697,0.6,0.4,0.3,0.1,0.0,0.1,0.1,99.4,31.6788,804000000.0
Beaconsfield,2466107,19277.0,-0.2,6915.0,6753.0,11.03,1747.5,51.6633,52.1739,0.6,0.5,0.3,0.2,0.0,0.1,0.1,99.4,19.6691,928000000.0
Baie-D'Urfé,2466112,3764.0,-1.5,1375.0,1325.0,6.03,623.9,52.3936,54.386,1.0,0.8,0.8,0.0,0.0,0.0,0.0,99.0,,196800000.0
Sainte-Anne-de-Bellevue,2466117,5027.0,1.4,2304.0,2108.0,10.46,480.8,51.8851,50.7937,1.0,1.0,0.3,0.0,0.4,0.0,0.0,98.9,21.8986,186400000.0
Dollard-Des Ormeaux,2466142,48403.0,-1.0,17763.0,17383.0,14.98,3230.2,51.9608,52.207,0.5,0.4,0.2,0.1,0.1,0.0,0.0,99.5,43.3445,1672000000.0
La Prairie,2467015,26406.0,9.5,11309.0,11049.0,43.47,607.4,51.0682,51.1739,1.0,0.9,0.6,0.3,0.0,0.0,0.1,99.0,17.5988,992000000.0
Candiac,2467020,22997.0,9.3,8960.0,8731.0,17.27,1331.3,51.1129,51.3907,1.4,1.4,0.9,0.5,0.0,0.0,0.1,98.6,18.2161,1006000000.0
Delson,2467025,8328.0,11.7,3561.0,3479.0,7.64,1089.6,51.7954,51.5499,1.1,1.1,0.5,0.6,0.0,0.0,0.0,98.9,11.238,279500000.0
Sainte-Catherine,2467030,17347.0,1.8,7016.0,6909.0,9.37,1851.4,50.0777,50.3293,1.9,1.7,1.1,0.6,0.0,0.0,0.2,98.2,11.0877,570000000.0
Saint-Constant,2467035,29954.0,9.5,11502.0,11313.0,57.06,524.9,50.4953,50.5545,1.2,1.2,0.6,0.5,0.1,0.0,0.1,98.8,13.8777,1030000000.0
Châteauguay,2467050,50815.0,6.1,20412.0,19917.0,34.31,1481.2,51.3028,51.2221,2.7,2.5,1.7,0.9,0.0,0.0,0.2,97.3,23.0223,1536000000.0
Napierville,2468030,4020.0,3.1,1740.0,1638.0,4.5,893.3,53.3175,53.0151,1.2,1.2,1.0,0.0,0.0,0.0,0.0,98.8,,122000000.0
Huntingdon,2469055,2556.0,4.6,1273.0,1202.0,2.77,924.2,49.0385,48.4043,4.3,4.3,2.9,0.4,1.2,0.0,0.0,95.3,,62200000.0
Les Coteaux,2471033,5643.0,5.1,2453.0,2411.0,11.64,485.0,49.6894,49.5948,2.3,2.2,1.3,0.9,0.0,0.0,0.2,97.7,2.1352,183200000.0
Pointe-des-Cascades,2471055,1775.0,19.9,762.0,743.0,2.74,646.8,49.7561,50.2591,1.1,1.1,0.8,0.0,0.0,0.0,0.0,98.3,,58800000.0
L'Île-Perrot,2471060,11638.0,8.2,5150.0,4997.0,5.46,2130.1,51.5576,51.5101,2.4,2.3,1.6,0.7,0.1,0.0,0.1,97.6,16.3685,372000000.0
Notre-Dame-de-l'Île-Perrot,2471065,11427.0,7.3,4156.0,4070.0,28.06,407.3,51.0,50.9312,1.1,1.1,0.4,0.3,0.4,0.0,0.1,98.9,12.2592,439000000.0
Pincourt,2471070,14751.0,1.3,5786.0,5640.0,7.1,2078.0,49.7857,49.7333,1.8,1.6,1.3,0.2,0.0,0.0,0.2,98.2,17.3188,497000000.0
Terrasse-Vaudreuil,2471075,1887.0,-5.0,829.0,809.0,1.06,1782.4,50.0,49.2683,2.1,2.1,1.1,1.3,0.0,0.0,0.0,97.9,,64800000.0
Vaudreuil-Dorion,2471083,43268.0,13.5,17260.0,16713.0,72.65,595.5,51.4627,51.3228,1.1,1.0,0.6,0.4,0.1,0.0,0.1,98.9,29.1558,1380000000.0
Vaudreuil-sur-le-Lac,2471090,1361.0,1.5,494.0,484.0,1.38,983.0,50.7042,52.7559,0.0,0.0,0.0,0.0,0.0,0.0,0.0,100.0,,59600000.0
Saint-Eustache,2472005,45276.0,2.9,19396.0,18958.0,70.51,642.1,51.47,51.1846,1.8,1.6,0.8,0.8,0.0,0.1,0.1,98.2,11.1124,1468000000.0
Deux-Montagnes,2472010,17915.0,2.4,7463.0,7266.0,6.08,2947.8,51.1711,51.087,1.9,1.8,1.3,0.5,0.0,0.0,0.1,98.1,11.0795,598000000.0
Sainte-Marthe-sur-le-Lac,2472015,19797.0,9.5,7642.0,7503.0,8.73,2267.4,51.3103,51.43,1.9,1.6,1.2,0.5,0.0,0.1,0.2,98.1,12.5285,666000000.0
Pointe-Calumet,2472020,6281.0,-2.3,2673.0,2590.0,4.59,1367.7,53.4752,53.5338,4.3,3.8,3.2,0.6,0.0,0.2,0.3,95.7,3.1847,191600000.0
Boisbriand,2473005,28308.0,5.3,11769.0,11425.0,27.67,1022.9,51.6108,51.7313,1.4,1.1,0.7,0.4,0.0,0.1,0.1,98.7,11.1799,982000000.0
Sainte-Thérèse,2473010,26533.0,2.1,13202.0,12686.0,9.48,2798.9,51.0007,50.8521,1.5,1.5,1.0,0.5,0.0,0.0,0.1,98.4,7.3843,872000000.0
Blainville,2473015,59819.0,5.2,22859.0,22424.0,54.97,1088.2,50.9709,51.036,1.2,1.1,0.7,0.4,0.0,0.0,0.1,98.8,12.2606,2296000000.0
Rosemère,2473020,14090.0,0.9,5340.0,5249.0,10.68,1318.7,50.6649,50.7824,1.6,1.5,0.8,0.5,0.2,0.0,0.1,98.4,10.3056,580000000.0
Lorraine,2473025,9502.0,1.6,3437.0,3393.0,5.9,1609.9,51.2148,51.7314,0.6,0.6,0.6,0.0,0.0,0.0,0.0,99.4,10.0,422000000.0
Bois-des-Filion,2473030,10159.0,5.4,4370.0,4258.0,4.36,2327.8,49.1409,49.4959,1.2,1.1,0.5,0.6,0.0,0.0,0.0,98.8,15.6794,335000000.0
Saint-Jérôme,2475017,80213.0,7.9,38776.0,37371.0,90.18,889.5,50.7679,51.0449,1.8,1.6,1.0,0.6,0.0,0.0,0.1,98.2,6.3688,2424000000.0
Grenville,2476055,1816.0,6.1,951.0,903.0,2.82,644.6,49.7076,52.5641,1.1,1.1,0.0,0.0,0.0,0.0,0.0,98.9,,53400000.0
Thurso,2480050,3084.0,9.4,1510.0,1421.0,6.65,463.8,51.9481,53.2609,4.9,4.8,3.8,1.0,0.0,0.0,0.0,95.1,,88600000.0
Gatineau,2481017,291041.0,5.4,133225.0,126476.0,341.84,851.4,50.66,50.6386,4.1,3.9,2.1,1.7,0.1,0.1,0.1,95.9,19.1327,10100000000.0
Maniwaki,2483065,3757.0,-2.2,2110.0,1881.0,5.67,662.8,51.8634,50.5085,19.7,19.1,5.9,13.1,0.0,0.4,0.0,80.5,,102200000.0
Fort-Coulonge,2484060,1312.0,-8.4,605.0,574.0,2.96,443.9,53.5714,54.7368,24.1,21.8,3.1,18.8,0.0,0.0,2.3,75.9,,36000000.0
Ville-Marie,2485025,2464.0,-4.6,1264.0,1185.0,5.83,422.4,48.1308,47.4747,2.2,2.2,1.1,1.1,0.0,0.0,0.0,97.8,,76800000.0
Lac Simon,2489804,1285.0,-6.9,343.0,342.0,3.14,409.2,55.1724,54.902,99.6,97.3,96.9,0.8,0.0,0.0,2.3,0.0,,22200000.0
Cornwall,3501012,47845.0,2.7,22214.0,21386.0,61.5,777.9,52.4372,53.1048,5.6,5.4,3.9,1.3,0.2,0.1,0.1,94.4,9.9158,1372000000.0
Hawkesbury,3502008,10194.0,-0.7,5308.0,5080.0,10.1,1009.7,51.2019,52.4457,4.1,3.9,2.4,1.3,0.2,0.1,0.2,95.9,5.1373,301000000.0
Casselman,3502044,3960.0,11.6,1630.0,1578.0,5.13,772.2,52.657,53.5533,3.7,3.7,2.6,1.2,0.0,0.0,0.0,96.2,,148400000.0
Prescott,3507008,4078.0,-3.4,1993.0,1889.0,4.94,826.0,48.6726,49.8316,4.5,4.2,2.8,1.1,0.0,0.0,0.3,95.5,,121400000.0
Brockville,3507015,22116.0,2.5,11088.0,10647.0,20.91,1057.8,50.4859,50.4483,4.1,4.0,2.4,1.6,0.0,0.0,0.1,95.9,6.5056,732000000.0
Gananoque,3507024,5383.0,4.3,2767.0,2562.0,7.01,768.4,50.0,50.2203,4.0,3.5,2.5,1.1,0.0,0.0,0.6,96.0,2.7725,181600000.0
Smiths Falls,3509004,9254.0,5.4,4523.0,4311.0,9.66,958.1,53.4913,52.8433,6.7,6.4,4.2,2.1,0.1,0.3,0.0,93.2,4.1277,275000000.0
Perth,3509021,6469.0,9.1,3395.0,3271.0,12.21,529.8,48.3622,47.5664,4.2,3.8,2.5,1.3,0.0,0.2,0.2,95.8,2.504,218800000.0
Carleton Place,3509028,12517.0,17.6,5341.0,5210.0,9.94,1259.4,50.2703,51.005,4.7,4.4,2.0,2.1,0.3,0.2,0.1,95.3,6.6015,447000000.0
Deseronto,3512002,1747.0,-1.5,803.0,723.0,2.52,693.5,49.6644,50.0,17.8,17.8,15.5,2.3,0.0,0.0,0.0,81.9,,47200000.0
Cobourg,3514021,20519.0,5.6,9520.0,9134.0,22.41,915.7,50.1426,50.2604,2.6,2.6,1.7,0.8,0.1,0.0,0.1,97.4,5.0303,742000000.0
Peterborough,3515014,83651.0,3.2,38006.0,35977.0,64.76,1291.8,49.6236,50.0515,5.0,4.7,3.3,1.4,0.0,0.1,0.1,95.0,9.3627,2715000000.0
Pickering,3518001,99186.0,8.1,34327.0,33425.0,231.1,429.2,51.2988,51.6991,1.1,1.0,0.5,0.6,0.0,0.0,0.0,98.9,51.8564,3860000000.0
Ajax,3518005,126666.0,5.8,40275.0,39488.0,66.64,1900.6,50.9704,51.6213,1.0,0.9,0.6,0.4,0.0,0.0,0.0,99.0,64.602,4430000000.0
Whitby,3518009,138501.0,7.9,47389.0,46460.0,146.69,944.1,51.2718,51.6039,1.5,1.5,0.8,0.7,0.0,0.0,0.0,98.5,35.3638,5380000000.0
Oshawa,3518013,175383.0,10.0,69324.0,66634.0,145.72,1203.6,51.8903,52.7407,3.1,2.9,1.8,1.1,0.0,0.1,0.1,96.9,28.892,5740000000.0
Vaughan,3519028,323103.0,5.5,107159.0,103914.0,272.44,1185.9,51.7339,52.6484,0.2,0.2,0.1,0.1,0.0,0.0,0.0,99.8,41.285,12780000000.0
Markham,3519036,338503.0,2.9,114908.0,110867.0,210.93,1604.8,51.6521,52.543,0.2,0.2,0.1,0.1,0.0,0.0,0.0,99.8,82.1008,11840000000.0
Richmond Hill,3519038,202022.0,3.6,72017.0,69314.0,100.79,2004.4,51.8617,52.521,0.3,0.2,0.2,0.1,0.0,0.0,0.0,99.7,66.4211,7440000000.0
Aurora,3519046,62057.0,11.9,22253.0,21506.0,50.0,1241.1,51.8199,52.7677,0.7,0.7,0.3,0.3,0.0,0.0,0.0,99.3,38.9201,2660000000.0
Newmarket,3519048,87942.0,4.4,31239.0,30301.0,38.5,2284.1,51.1079,51.8391,1.2,1.1,0.6,0.5,0.0,0.0,0.0,98.8,34.9016,3230000000.0
Toronto,3520005,2794356.0,2.3,1253238.0,1160892.0,631.1,4427.8,51.1174,51.6394,0.8,0.8,0.5,0.3,0.0,0.0,0.0,99.2,55.6728,111400000000.0
Mississauga,3521005,717961.0,-0.5,254089.0,244575.0,292.74,2452.5,52.6482,53.6635,0.5,0.5,0.3,0.2,0.0,0.0,0.0,99.5,61.9332,25520000000.0
Brampton,3521010,656480.0,10.6,189086.0,182472.0,265.89,2469.0,53.624,54.8394,0.5,0.5,0.3,0.1,0.0,0.0,0.0,99.5,80.5732,19560000000.0
Orangeville,3522014,30167.0,4.4,11308.0,11059.0,15.16,1989.5,51.4166,52.8251,2.5,2.4,1.6,0.8,0.0,0.0,0.1,97.5,14.3819,1066000000.0
Shelburne,3522021,8994.0,10.7,3150.0,3025.0,6.56,1370.8,51.7745,53.0162,2.5,2.4,1.8,0.6,0.0,0.0,0.1,97.5,30.0795,277500000.0
Guelph,3523008,143740.0,9.1,59746.0,56480.0,87.43,1644.1,51.6012,52.2517,1.6,1.4,0.8,0.6,0.0,0.1,0.1,98.4,25.3402,5260000000.0
Oakville,3524001,213759.0,10.3,76179.0,73558.0,138.94,1538.5,51.5615,52.4939,0.7,0.6,0.4,0.3,0.0,0.0,0.0,99.3,42.5008,10040000000.0
Burlington,3524002,186948.0,2.0,74891.0,73180.0,186.12,1004.4,51.3628,51.7906,1.3,1.2,0.8,0.5,0.0,0.0,0.0,98.7,20.8687,8160000000.0
Hamilton,3525005,569353.0,6.0,233564.0,222807.0,1118.31,509.1,51.9889,52.3424,2.2,2.1,1.5,0.6,0.0,0.0,0.1,97.8,25.1284,20520000000.0
Welland,3526032,55750.0,6.6,24530.0,23656.0,81.16,686.9,51.035,52.0027,4.3,4.1,2.0,2.0,0.1,0.1,0.1,95.7,8.6668,1748000000.0
Niagara Falls,3526043,94415.0,7.2,39778.0,37793.0,210.25,449.1,51.4527,52.1697,2.7,2.6,1.5,1.0,0.0,0.0,0.1,97.3,20.8979,2945000000.0
St. Catharines,3526053,136803.0,2.8,61977.0,58903.0,96.2,1422.1,51.084,51.7083,2.5,2.3,1.4,0.9,0.0,0.0,0.1,97.5,16.537,4530000000.0
Grimsby,3526065,28883.0,5.7,11626.0,11395.0,68.71,420.4,51.1068,51.9594,1.8,1.7,1.1,0.6,0.0,0.0,0.1,98.2,9.713,1162000000.0
Brantford,3529006,104688.0,6.2,43269.0,41673.0,98.65,1061.2,52.1648,53.0387,5.2,5.1,4.2,0.9,0.0,0.0,0.2,94.8,15.29,3330000000.0
Cambridge,3530010,138479.0,6.6,53013.0,51269.0,112.99,1225.5,52.8835,53.6867,1.9,1.8,1.1,0.6,0.1,0.1,0.0,98.1,23.866,4690000000.0
Kitchener,3530013,256885.0,10.1,103388.0,99812.0,136.81,1877.6,52.9475,53.7623,1.9,1.8,1.1,0.6,0.0,0.1,0.1,98.1,31.6689,8760000000.0
Waterloo,3530016,121436.0,15.7,52049.0,47040.0,64.06,1895.8,53.8701,54.8837,1.3,1.2,0.7,0.5,0.0,0.1,0.0,98.7,35.0241,4670000000.0
Stratford,3531011,33232.0,5.6,15388.0,14743.0,30.02,1107.0,51.6585,51.8435,1.8,1.7,0.9,0.8,0.0,0.0,0.0,98.2,8.0191,1164000000.0
St. Marys,3531016,7386.0,1.7,3216.0,3128.0,12.44,593.8,52.3161,52.8788,1.5,1.4,1.1,0.2,0.0,0.0,0.0,98.6,4.5265,266000000.0
Tillsonburg,3532004,18615.0,17.3,8494.0,8229.0,22.2,838.6,51.6687,52.4291,2.7,2.5,1.4,1.1,0.0,0.2,0.1,97.3,5.6573,622000000.0
Ingersoll,3532018,13693.0,7.3,5627.0,5467.0,12.73,1075.3,51.5067,51.634,2.8,2.8,2.0,0.8,0.0,0.0,0.0,97.2,5.5371,466000000.0
Woodstock,3532042,46705.0,13.6,19528.0,18886.0,56.46,827.2,53.0176,53.3,2.5,2.4,1.6,0.8,0.1,0.0,0.1,97.5,13.6888,1552000000.0
Aylmer,3534011,7699.0,2.8,3177.0,3067.0,6.37,1208.6,54.4338,55.7576,2.3,2.3,1.8,0.4,0.0,0.0,0.0,97.7,3.086,225200000.0
St. Thomas,3534021,42840.0,10.1,18596.0,18062.0,35.61,1203.2,50.8129,51.0522,2.8,2.7,1.8,0.8,0.1,0.0,0.1,97.2,7.1005,1356000000.0
LaSalle,3537034,32721.0,8.4,11922.0,11644.0,64.96,503.7,51.5956,51.634,2.2,2.1,0.9,1.2,0.0,0.0,0.0,97.9,18.8145,1408000000.0
Windsor,3537039,229660.0,5.7,99803.0,94273.0,146.02,1572.8,54.1027,54.2226,2.9,2.8,1.5,1.3,0.0,0.1,0.1,97.1,33.5637,7160000000.0
Petrolia,3538019,6013.0,4.7,2524.0,2460.0,12.46,482.6,50.3636,50.0,3.6,3.5,2.5,1.1,0.0,0.0,0.0,96.4,2.4076,212000000.0
Sarnia,3538030,72047.0,0.6,33902.0,32188.0,163.9,439.6,52.0127,52.8256,4.2,4.0,2.7,1.2,0.0,0.1,0.1,95.8,8.3251,2630000000.0
Point Edward,3538031,1930.0,-5.3,989.0,938.0,3.3,585.0,47.2527,46.5409,3.4,3.4,1.6,2.3,0.0,0.0,0.0,96.1,,78800000.0
London,3539036,422324.0,10.0,186409.0,174657.0,420.5,1004.3,51.9957,52.5747,2.6,2.5,1.9,0.6,0.0,0.0,0.1,97.4,28.6716,14120000000.0
Goderich,3540028,7881.0,3.3,3899.0,3667.0,8.54,923.1,52.0803,53.3228,1.9,1.8,1.0,0.8,0.0,0.0,0.1,98.0,2.8664,279000000.0
Hanover,3542029,7967.0,3.6,3788.0,3445.0,9.78,814.6,52.3743,53.2407,1.8,1.8,1.2,0.5,0.0,0.0,0.0,98.2,3.211,251200000.0
Owen Sound,3542059,21612.0,1.3,10406.0,9895.0,24.21,892.6,49.2339,49.9137,4.2,4.1,2.4,1.7,0.0,0.0,0.1,95.8,5.7623,670000000.0
Collingwood,3543031,24811.0,13.8,13216.0,11174.0,33.15,748.3,50.5952,51.4871,2.3,2.2,1.2,1.0,0.0,0.0,0.1,97.6,6.8589,1008000000.0
Barrie,3543042,147829.0,4.5,57276.0,55316.0,99.01,1493.1,51.9396,52.9487,3.7,3.5,2.1,1.4,0.1,0.1,0.1,96.3,17.092,5070000000.0
Orillia,3543052,33411.0,7.2,15428.0,14422.0,28.53,1171.1,50.0161,50.6444,6.1,5.9,4.1,1.8,0.0,0.0,0.2,93.9,7.3753,1056000000.0
Wasaga Beach,3543064,24862.0,20.3,13768.0,10811.0,57.42,433.0,51.5196,52.9311,3.2,3.0,1.5,1.5,0.0,0.1,0.0,96.8,5.2064,840000000.0
Midland,3543074,17817.0,5.7,8295.0,7849.0,35.33,504.3,49.053,48.9146,14.3,14.0,3.9,10.1,0.0,0.2,0.1,85.7,5.2904,569000000.0
Arnprior,3547002,9629.0,9.5,4458.0,4308.0,13.04,738.5,52.4571,52.7708,6.2,5.8,3.0,2.8,0.0,0.0,0.2,93.9,4.1954,326000000.0
Renfrew,3547048,8190.0,-0.4,4117.0,3954.0,12.81,639.3,52.0059,52.3256,7.0,6.7,2.4,4.3,0.0,0.3,0.1,93.0,1.3367,254000000.0
Pembroke,3547064,14364.0,3.5,6888.0,6542.0,14.32,1002.8,50.487,50.2317,12.9,12.5,7.0,5.4,0.1,0.1,0.3,87.1,3.5557,441000000.0
Mattawa,3548021,1881.0,-5.6,929.0,857.0,3.67,513.1,49.6403,49.5652,31.9,30.3,23.8,6.4,0.0,0.0,1.7,68.1,,52000000.0
Parry Sound,3549032,6879.0,7.4,3518.0,3197.0,13.1,524.9,48.4502,47.5676,10.0,9.9,6.6,3.3,0.0,0.0,0.0,89.8,5.2713,212800000.0
Englehart,3554052,1442.0,-2.5,720.0,684.0,2.92,494.2,55.1181,54.6218,11.4,11.1,7.5,3.9,0.0,0.0,0.0,88.6,,47400000.0
Lac du Bonnet,4601060,1064.0,-2.3,549.0,496.0,2.26,470.7,48.6486,47.0588,26.1,26.1,7.0,19.5,0.0,0.0,0.0,73.5,,42000000.0
St-Pierre-Jolys,4602037,1305.0,11.5,518.0,508.0,2.61,500.5,49.0,52.809,28.2,28.2,2.7,25.9,0.0,0.0,0.0,71.8,,36000000.0
Steinbach,4602044,17806.0,11.1,7092.0,6836.0,37.56,474.1,54.6608,54.7689,10.0,9.8,3.2,6.7,0.0,0.1,0.1,90.0,15.7326,501000000.0
Niverville,4602046,5947.0,29.0,2010.0,1971.0,8.7,683.7,53.6892,54.1806,12.6,12.3,3.2,9.0,0.0,0.3,0.0,87.4,7.1672,184400000.0
Ste. Anne,4602061,2891.0,36.8,1204.0,1151.0,4.14,699.0,51.2727,51.6,28.8,28.2,4.6,23.6,0.0,0.4,0.0,70.9,,79200000.0
Altona,4603040,4267.0,1.3,1760.0,1700.0,9.35,456.3,55.0868,55.643,2.5,2.5,0.5,2.1,0.0,0.0,0.0,97.5,,121600000.0
Winkler,4603050,13745.0,8.6,5239.0,5089.0,20.73,663.1,56.5476,56.9099,3.6,3.5,1.9,1.6,0.0,0.0,0.1,96.4,9.4395,360000000.0
Morden,4603053,9929.0,14.5,4162.0,3995.0,16.29,609.6,54.2886,54.7541,4.9,4.7,2.1,2.6,0.1,0.2,0.0,95.1,9.3251,279000000.0
Carman,4603074,3114.0,-1.6,1466.0,1402.0,4.32,721.5,53.6765,53.876,8.6,8.6,1.0,7.4,0.3,0.0,0.0,91.3,,106600000.0
Brandon,4607062,51313.0,5.0,22526.0,21203.0,79.04,649.2,51.9978,52.2391,14.2,13.8,7.9,5.8,0.0,0.3,0.1,85.8,21.3684,1596000000.0
Portage la Prairie,4609029,13270.0,-0.3,6109.0,5644.0,24.72,536.8,50.6594,50.9182,29.1,28.4,14.2,14.2,0.0,0.6,0.1,70.9,10.4053,395000000.0
Winnipeg,4611040,749607.0,6.3,315465.0,300431.0,461.78,1623.3,52.1032,52.1134,12.4,12.0,5.5,6.5,0.1,0.2,0.1,87.6,34.429,24400000000.0
Beausejour,4612056,3307.0,2.7,1572.0,1483.0,5.42,609.6,50.1484,50.8251,18.7,17.7,6.2,11.5,0.0,0.8,0.0,81.3,,107000000.0
Selkirk,4613047,10504.0,2.2,4643.0,4417.0,24.47,429.3,48.6928,48.3636,35.1,34.0,14.7,19.4,0.0,1.0,0.1,64.9,6.999,305500000.0
Stonewall,4614039,5046.0,4.9,2127.0,2051.0,5.96,846.4,50.2947,50.5092,16.4,16.4,2.4,14.1,0.0,0.0,0.0,83.6,1.7034,181600000.0
Dauphin,4617050,8368.0,0.0,4048.0,3779.0,12.67,660.5,50.1987,49.5035,27.5,26.3,11.9,14.4,0.0,0.6,0.6,72.5,7.0682,243200000.0
Arborg,4618074,1279.0,3.8,531.0,499.0,2.22,576.6,51.2605,50.8772,17.6,16.8,8.4,7.6,0.0,0.0,0.0,81.9,,34000000.0
Swan River,4620048,4049.0,0.9,2020.0,1825.0,6.81,595.0,50.0,51.0903,30.2,29.5,15.0,14.4,0.0,0.4,0.3,70.0,,120200000.0
Thompson,4622026,13035.0,-4.7,5442.0,4676.0,16.62,784.3,52.0769,52.0675,45.5,44.6,37.5,6.9,0.2,0.2,0.7,54.5,15.1009,424000000.0
Carnduff,4701008,1150.0,4.6,527.0,430.0,2.61,441.0,55.1402,54.5455,4.3,4.3,0.0,4.3,0.0,0.0,0.0,95.7,,34000000.0
Estevan,4701024,10851.0,-5.5,5368.0,4584.0,18.3,592.9,54.2642,54.7425,5.2,5.1,1.4,3.7,0.0,0.0,0.1,94.8,14.8706,422000000.0
Weyburn,4702047,11019.0,1.4,5142.0,4655.0,19.03,579.1,52.3892,51.4071,4.0,3.9,1.3,2.5,0.0,0.0,0.1,95.9,13.5441,415000000.0
Assiniboia,4703036,2333.0,-3.8,1236.0,1070.0,3.68,633.6,54.0179,53.7736,4.9,4.9,0.4,4.2,0.0,0.0,0.0,95.3,,76000000.0
Maple Creek,4704048,2176.0,4.4,1083.0,988.0,4.35,500.0,51.8868,50.7538,8.0,7.3,4.2,3.1,0.0,0.7,0.0,92.0,,70000000.0
Kipling,4705016,1076.0,0.2,523.0,464.0,2.55,421.9,54.8077,55.0,5.8,5.8,1.4,4.3,0.0,0.0,0.0,94.7,,42400000.0
Esterhazy,4705052,2345.0,-6.3,1358.0,1068.0,5.56,421.6,54.6939,53.8462,8.8,8.8,3.7,5.3,0.0,0.0,0.0,91.4,,94000000.0
Regina,4706027,226404.0,5.3,99134.0,92129.0,178.81,1266.2,51.9004,51.6282,10.4,10.2,6.3,3.8,0.1,0.2,0.1,89.6,25.7066,8160000000.0
White City,4706030,3702.0,19.5,1200.0,1176.0,7.56,489.7,51.5738,52.1519,4.3,4.3,1.9,2.3,0.0,0.0,0.0,95.5,,170000000.0
Pilot Butte,4706031,2638.0,23.4,999.0,966.0,5.71,462.3,51.2195,52.2222,7.0,6.8,2.1,4.9,0.0,0.0,0.0,92.8,,102400000.0
Indian Head,4706039,1902.0,-0.4,911.0,842.0,3.08,617.7,53.0303,53.1915,13.8,13.8,6.8,7.0,0.0,0.0,0.0,85.9,,66400000.0
Caronport,4707037,1033.0,3.9,386.0,334.0,1.82,566.3,51.6484,53.1646,8.9,5.4,2.5,1.5,0.0,3.9,0.0,91.1,,25200000.0
Moose Jaw,4707039,33665.0,-0.7,16143.0,14719.0,65.81,511.5,52.424,52.0293,7.1,6.9,2.4,4.5,0.1,0.2,0.0,92.9,10.5766,1128000000.0
Swift Current,4708004,16750.0,0.9,7891.0,7214.0,29.3,571.6,51.9058,51.9661,4.9,4.8,1.7,3.1,0.0,0.1,0.1,95.1,14.3432,573000000.0
Yorkton,4709012,16280.0,-0.4,7529.0,6974.0,36.19,449.8,50.9069,50.6536,12.9,12.6,8.3,4.3,0.0,0.3,0.1,87.1,14.8823,540000000.0
Wadena,4710068,1269.0,-1.5,677.0,606.0,2.99,423.8,56.4103,54.8673,0.8,0.8,0.0,0.8,0.0,0.0,0.0,98.8,,41200000.0
Saskatoon,4711066,266141.0,7.7,115619.0,107052.0,226.56,1174.7,51.641,51.5241,11.5,11.1,6.0,5.0,0.0,0.2,0.1,88.5,24.7284,9360000000.0
Warman,4711068,12419.0,12.7,4313.0,4162.0,13.1,948.3,52.0355,52.5371,11.2,11.0,3.2,7.7,0.0,0.1,0.0,88.9,4.7247,444000000.0
Martensville,4711070,10549.0,9.3,3799.0,3639.0,13.56,777.9,52.6359,52.7368,11.3,10.8,3.5,7.3,0.1,0.2,0.2,88.7,5.4632,375000000.0
Dalmeny,4711073,1766.0,-3.3,627.0,615.0,3.28,537.8,50.0,50.5263,6.4,6.4,0.6,5.8,0.0,0.0,0.0,93.3,,60800000.0
Osler,4711075,1251.0,1.1,429.0,420.0,1.62,771.7,50.3759,51.938,5.2,4.8,1.6,3.2,0.0,0.0,0.0,94.8,,35600000.0
Macklin,4713051,1247.0,-9.2,551.0,498.0,3.05,409.2,55.7971,53.8462,6.1,6.1,2.4,3.3,0.0,0.0,0.0,93.9,,39600000.0
Tisdale,4714044,2962.0,-8.4,1613.0,1379.0,6.56,451.9,50.0,49.635,8.5,8.5,1.0,7.4,0.0,0.0,0.0,91.5,,99400000.0
Melfort,4714051,5955.0,-0.6,2788.0,2575.0,14.73,404.2,51.1589,51.2367,12.6,12.6,6.4,6.1,0.0,0.0,0.0,87.5,8.6919,195600000.0
Nipawin,4714076,4570.0,3.8,2091.0,1921.0,8.93,512.0,52.0581,51.2,20.9,20.9,13.0,7.5,0.0,0.0,0.0,79.1,,136000000.0
Humboldt,4715008,6033.0,2.8,2707.0,2494.0,13.3,453.5,51.5306,51.4286,4.1,4.1,1.6,2.5,0.0,0.0,0.0,95.9,13.9535,202800000.0
Waldheim,4715028,1237.0,2.0,451.0,430.0,1.97,628.1,56.7797,58.3333,5.5,5.5,2.5,2.9,0.0,0.0,0.0,95.0,,36000000.0
Prince Albert,4715066,37756.0,5.1,15490.0,14308.0,67.17,562.1,49.7965,49.0312,44.7,43.9,26.0,17.9,0.1,0.5,0.2,55.3,11.6881,1132000000.0
Birch Hills,4715068,1066.0,3.2,475.0,450.0,2.39,446.6,54.7619,55.1282,26.4,26.4,3.8,23.1,0.0,0.0,0.0,73.1,,36800000.0
North Battleford,4716029,13836.0,-3.3,6346.0,5696.0,33.55,412.4,50.1823,49.3443,26.6,26.2,17.5,8.7,0.0,0.3,0.1,73.4,16.1601,430000000.0
Meadow Lake,4717052,5322.0,-0.4,2125.0,1930.0,12.37,430.2,51.4677,51.0917,48.9,48.3,23.3,25.0,0.0,0.5,0.0,51.0,10.8549,168000000.0
Medicine Hat,4801006,63271.0,0.0,28732.0,27216.0,111.97,565.1,51.3322,51.4593,5.2,5.1,1.6,3.3,0.1,0.1,0.1,94.8,9.0247,2196000000.0
Raymond,4802008,4199.0,13.1,1383.0,1330.0,7.63,550.2,55.2023,54.4025,3.8,3.8,2.1,1.7,0.0,0.0,0.0,96.2,,116600000.0
Stirling,4802009,1164.0,19.0,379.0,360.0,2.7,431.8,57.4257,59.7826,4.3,3.9,0.0,3.0,0.0,0.0,0.0,95.3,,33200000.0
Lethbridge,4802012,98406.0,6.1,42862.0,40225.0,121.12,812.5,51.9652,51.9672,6.6,6.4,4.2,2.2,0.0,0.1,0.1,93.4,16.2304,3410000000.0
Coalhurst,4802013,2869.0,7.5,1055.0,1025.0,3.08,931.3,55.1839,55.2239,7.8,7.5,4.9,2.6,0.0,0.0,0.3,92.2,,90800000.0
Nobleford,4802014,1438.0,12.5,462.0,446.0,1.69,848.6,61.2903,63.0252,3.4,3.4,2.4,0.7,0.0,0.0,0.0,96.6,,36000000.0
Picture Butte,4802018,1930.0,6.6,729.0,689.0,3.02,639.7,60.1156,61.0778,3.5,3.5,1.6,1.9,0.0,0.0,0.0,96.5,,54000000.0
Coaldale,4802019,8771.0,5.3,3343.0,3245.0,13.58,645.9,55.4286,56.5217,3.0,2.8,1.3,1.5,0.0,0.0,0.0,97.0,5.2083,286000000.0
Taber,4802022,8862.0,5.1,3481.0,3347.0,19.32,458.6,54.9828,55.5147,4.3,4.3,1.9,2.0,0.3,0.0,0.1,95.7,11.3414,273500000.0
Vauxhall,4802029,1286.0,5.2,457.0,436.0,2.71,474.7,63.3028,63.2075,1.2,1.2,0.0,0.8,0.0,0.0,0.0,98.8,,31200000.0
Brooks,4802034,14924.0,3.3,5489.0,5140.0,18.21,819.8,56.0675,56.1166,2.4,2.3,0.9,1.3,0.0,0.0,0.1,97.6,48.5149,458000000.0
Duchess,4802036,1053.0,-2.9,404.0,378.0,1.93,545.9,58.0952,59.3407,10.0,10.0,6.2,3.3,0.0,0.0,0.0,90.5,,34400000.0
Magrath,4803002,2481.0,4.5,830.0,803.0,5.88,422.0,58.1633,57.7778,1.9,1.9,1.2,0.6,0.0,0.0,0.0,98.3,,71600000.0
Cardston,4803004,3724.0,3.9,1335.0,1261.0,8.58,434.1,52.649,53.9286,15.8,15.4,13.5,1.8,0.0,0.0,0.0,84.2,,108000000.0
Nanton,4803026,2167.0,-0.6,1004.0,953.0,5.11,423.9,49.1304,51.6746,6.4,6.2,3.3,2.9,0.0,0.0,0.0,93.6,,69600000.0
Strathmore,4805018,14339.0,4.2,5754.0,5517.0,26.98,531.5,52.251,52.4962,6.6,6.4,3.2,3.2,0.1,0.1,0.0,93.4,8.0113,496000000.0
Three Hills,4805048,3042.0,-5.3,1242.0,1168.0,6.74,451.2,51.2027,51.1719,5.5,5.5,3.3,1.9,0.0,0.0,0.0,94.7,,90800000.0
High River,4806006,14324.0,5.4,5950.0,5787.0,22.19,645.4,52.276,51.5798,3.3,3.3,1.1,2.1,0.0,0.0,0.1,96.7,17.5762,485000000.0
Okotoks,4806012,30405.0,4.8,10750.0,10476.0,38.55,788.7,52.1617,52.3645,5.3,5.1,1.8,3.2,0.1,0.2,0.1,94.7,7.6282,1162000000.0
Calgary,4806016,1306784.0,5.5,531062.0,502301.0,820.62,1592.4,52.3663,52.5566,3.2,3.1,1.4,1.6,0.0,0.1,0.1,96.8,41.3928,52700000000.0
Chestermere,4806017,22163.0,11.4,6925.0,6733.0,32.83,675.0,52.3985,52.8624,2.6,2.6,1.0,1.5,0.0,0.0,0.0,97.4,42.4023,856000000.0
Cochrane,4806019,32199.0,24.5,12578.0,12096.0,31.58,1019.5,51.7423,51.7967,4.7,4.4,1.6,2.7,0.1,0.1,0.2,95.3,8.5319,1296000000.0
Airdrie,4806021,74100.0,20.3,27037.0,26298.0,84.39,878.1,52.3833,53.1646,4.9,4.7,1.7,3.0,0.1,0.1,0.1,95.1,20.4011,2685000000.0
Carstairs,4806029,4898.0,20.1,1883.0,1837.0,11.77,416.2,54.0984,54.2141,5.7,5.6,0.8,4.5,0.0,0.0,0.0,94.4,,169600000.0
Olds,4806034,9209.0,0.3,4096.0,3810.0,14.92,617.3,52.8162,53.2391,5.7,5.6,2.6,3.0,0.0,0.0,0.0,94.3,9.1368,326000000.0
Provost,4807002,1900.0,-4.9,862.0,764.0,4.75,400.1,53.8462,53.6458,3.3,3.3,2.2,1.1,0.0,0.0,0.0,96.4,,62200000.0
Stettler,4807026,5695.0,-4.3,2574.0,2384.0,13.19,431.9,53.176,52.6,3.6,3.5,0.9,2.6,0.0,0.0,0.0,96.3,10.1946,182400000.0
Wainwright,4807054,6606.0,5.1,2914.0,2664.0,12.17,543.0,52.8591,52.5038,6.5,6.3,2.6,3.7,0.0,0.0,0.2,93.5,13.4078,225600000.0
Innisfail,4808008,7985.0,1.8,3670.0,3352.0,19.39,411.7,52.6797,52.5074,5.1,4.9,2.1,2.7,0.0,0.0,0.1,94.9,6.0468,269000000.0
Red Deer,4808011,100844.0,0.4,43404.0,40512.0,104.34,966.5,51.5259,51.2117,6.6,6.4,2.5,3.8,0.1,0.1,0.1,93.4,18.8893,3530000000.0
Sylvan Lake,4808012,15995.0,8.0,7141.0,6396.0,23.09,692.8,52.265,52.5232,8.1,7.5,3.2,4.3,0.0,0.4,0.2,91.9,5.3605,570000000.0
Eckville,4808024,1014.0,-9.9,472.0,425.0,1.61,629.5,61.0526,57.1429,6.7,6.7,0.0,6.2,0.0,0.0,0.0,93.3,,30200000.0
Bentley,4808026,1042.0,-3.3,471.0,451.0,2.24,464.4,51.4019,50.0,13.0,13.0,2.4,10.6,0.0,0.0,0.0,87.5,,30600000.0
Blackfalds,4808029,10470.0,12.2,3952.0,3780.0,16.58,631.4,52.8399,52.8134,6.5,6.1,1.9,4.2,0.0,0.4,0.1,93.4,6.6858,356000000.0
Lacombe,4808031,13396.0,2.6,5552.0,5194.0,20.59,650.8,50.9225,50.5467,5.8,5.7,2.7,2.9,0.0,0.0,0.1,94.2,10.8646,450000000.0
Ponoka,4808039,7331.0,1.4,3340.0,3086.0,17.22,425.8,51.8367,51.7293,10.1,9.6,6.6,3.0,0.0,0.0,0.1,89.9,11.3287,241200000.0
Rocky Mountain House,4809015,6765.0,2.0,3075.0,2693.0,13.05,518.3,53.2448,50.3472,11.6,11.4,6.2,5.1,0.0,0.0,0.0,88.5,8.2118,241200000.0
Camrose,4810011,18772.0,0.2,8747.0,8136.0,41.67,450.5,50.7842,50.4025,7.6,7.4,2.3,5.1,0.0,0.0,0.1,92.4,10.7506,644000000.0
Vegreville,4810028,5689.0,-0.3,2735.0,2463.0,14.08,404.0,52.6902,52.4691,7.7,7.6,3.6,4.1,0.0,0.0,0.0,92.3,8.6556,185200000.0
Two Hills,4810052,1416.0,4.7,527.0,445.0,3.11,454.7,61.2245,61.1765,1.1,0.8,0.0,0.8,0.0,0.0,0.0,99.2,,30200000.0
Wetaskiwin,4811002,12594.0,-0.5,5643.0,5186.0,18.75,671.6,50.9821,50.7767,18.0,17.5,12.8,4.3,0.3,0.2,0.5,82.0,13.5782,381000000.0
Beaumont,4811013,20888.0,19.7,7168.0,6950.0,24.7,845.6,54.0505,54.2192,5.3,5.1,1.5,3.6,0.1,0.1,0.1,94.7,16.7866,818000000.0
Leduc,4811016,34094.0,13.7,13507.0,12964.0,42.25,806.9,52.1111,52.7923,7.0,6.7,2.5,4.1,0.1,0.2,0.1,93.0,12.7154,1258000000.0
Devon,4811018,6545.0,-0.5,2588.0,2496.0,14.26,459.1,52.9586,52.9508,6.5,6.2,2.7,3.4,0.0,0.2,0.0,93.5,5.2836,226400000.0
Calmar,4811019,2183.0,-2.0,937.0,893.0,4.67,467.6,55.102,52.6066,8.7,8.7,2.3,6.0,0.0,0.0,0.0,91.7,,76000000.0
Stony Plain,4811048,17993.0,4.7,7475.0,7134.0,35.45,507.6,52.6966,53.1389,8.1,7.8,3.1,4.6,0.2,0.1,0.1,91.9,5.154,637000000.0
Spruce Grove,4811049,37645.0,10.4,14752.0,14273.0,37.52,1003.3,52.4515,52.7755,8.9,8.7,3.2,5.3,0.2,0.1,0.1,91.1,9.7678,1416000000.0
Fort Saskatchewan,4811056,27088.0,12.1,10896.0,10420.0,56.5,479.4,53.9757,54.1714,7.2,7.1,2.4,4.7,0.1,0.0,0.1,92.8,9.2397,1096000000.0
Edmonton,4811061,1010899.0,8.3,428857.0,396404.0,765.61,1320.4,52.5878,52.6557,5.8,5.6,2.8,2.8,0.1,0.1,0.1,94.2,42.7698,36800000000.0
St. Albert,4811062,68232.0,4.0,27019.0,25938.0,47.84,1426.4,51.8519,51.9005,5.5,5.4,1.5,3.8,0.1,0.1,0.1,94.5,11.0837,2940000000.0
Morinville,4811068,10385.0,5.5,3981.0,3768.0,11.15,931.0,51.8485,52.004,10.9,10.5,3.3,7.1,0.1,0.1,0.2,89.2,4.931,373000000.0
Bonnyville,4812009,6404.0,7.2,2986.0,2537.0,14.17,452.1,53.9394,53.8851,17.0,16.5,7.2,9.2,0.0,0.3,0.2,83.0,13.5048,212400000.0
St. Paul,4812018,5863.0,0.6,2466.0,2284.0,8.64,678.7,49.2857,48.381,20.5,20.2,11.6,8.5,0.0,0.2,0.3,79.5,14.0807,192400000.0
Barrhead,4813019,4320.0,-5.7,1983.0,1833.0,8.2,527.1,51.8919,51.3595,7.8,7.5,2.3,5.4,0.0,0.0,0.0,92.2,,134800000.0
Banff,4815035,8305.0,5.8,3287.0,2930.0,4.08,2033.8,51.9231,52.3753,3.1,3.1,1.6,1.1,0.3,0.0,0.0,96.9,25.5288,258500000.0
Slave Lake,4817029,6836.0,2.8,2681.0,2405.0,14.31,477.7,53.8564,54.8529,26.7,26.1,15.8,10.3,0.0,0.5,0.2,73.3,19.3694,238800000.0
Beaverlodge,4819009,2271.0,-7.9,1022.0,923.0,5.38,421.9,54.0773,53.3333,8.1,7.9,1.4,6.5,0.0,0.0,0.0,91.9,,79600000.0
Grande Prairie,4819012,64141.0,1.5,27551.0,24816.0,132.71,483.3,53.6436,53.5913,11.7,11.3,4.8,6.3,0.1,0.3,0.2,88.3,15.8832,2360000000.0
Fernie,5901012,6320.0,17.1,3256.0,2597.0,15.11,418.3,52.5956,53.092,4.5,4.2,1.5,2.4,0.2,0.0,0.0,95.5,7.1255,260500000.0
Cranbrook,5901022,20499.0,2.3,9058.0,8780.0,31.97,641.2,51.2981,51.5309,9.9,9.6,4.0,5.6,0.1,0.1,0.2,90.1,6.9539,724000000.0
Creston,5903004,5583.0,4.1,2810.0,2670.0,8.41,664.2,52.9148,54.0741,7.8,7.7,2.7,5.0,0.0,0.0,0.0,92.1,4.5581,172400000.0
Salmo,5903011,1140.0,-0.1,599.0,568.0,2.44,466.4,50.0,48.8095,8.4,8.4,4.8,3.5,0.0,0.0,0.0,91.6,,35200000.0
Nelson,5903015,11106.0,5.1,5314.0,4948.0,11.93,930.6,50.0,49.6454,5.4,5.3,2.4,2.8,0.0,0.1,0.0,94.5,9.324,380000000.0
Castlegar,5903045,8338.0,3.7,3702.0,3549.0,19.87,419.6,52.25,52.2409,6.9,6.9,2.3,4.5,0.0,0.0,0.0,93.2,7.3201,292500000.0
Fruitvale,5905005,1958.0,2.0,881.0,858.0,2.7,724.7,54.8387,53.1792,6.1,6.1,1.8,4.0,0.0,0.0,0.0,93.9,,74000000.0
Montrose,5905009,1013.0,1.7,435.0,429.0,1.46,693.1,55.0562,54.6512,8.9,7.4,1.0,6.4,0.0,0.0,0.0,91.1,,35600000.0
Warfield,5905018,1753.0,4.3,828.0,798.0,1.89,929.3,49.4048,48.7179,8.6,7.5,4.3,3.2,0.0,0.6,0.0,91.4,,66800000.0
Osoyoos,5907005,5556.0,10.0,3279.0,2647.0,8.41,660.7,49.8829,48.9418,4.1,3.7,2.1,1.7,0.0,0.0,0.3,95.9,10.0474,184400000.0
Keremeos,5907009,1608.0,7.1,852.0,809.0,2.09,768.3,50.0,48.9583,9.6,8.9,6.2,2.7,0.0,0.0,0.0,90.4,,47000000.0
Oliver,5907014,5094.0,3.4,2445.0,2312.0,5.49,927.9,51.8182,50.7426,5.3,4.8,2.0,2.7,0.0,0.3,0.0,94.8,15.4234,169600000.0
Penticton,5907041,36885.0,9.3,18457.0,17361.0,43.03,857.3,49.957,49.6398,6.8,6.6,3.0,3.5,0.1,0.2,0.0,93.2,8.9446,1284000000.0
Abbotsford,5909052,153524.0,8.6,55659.0,53234.0,375.33,409.0,52.7504,53.2767,4.5,4.3,2.1,2.2,0.0,0.1,0.1,95.5,40.2387,5000000000.0
Langley,5915001,132603.0,13.1,49011.0,46928.0,307.22,431.6,52.0157,52.4002,3.9,3.7,1.6,2.1,0.0,0.1,0.0,96.1,26.6226,5090000000.0
Langley,5915002,28963.0,11.9,13271.0,12598.0,10.18,2845.2,52.1191,52.659,5.7,5.4,2.6,2.7,0.1,0.2,0.1,94.3,24.6878,980000000.0
Surrey,5915004,568322.0,9.7,195098.0,185671.0,316.11,1797.9,52.9089,53.3633,2.2,2.1,1.1,0.9,0.0,0.1,0.0,97.8,67.0563,18600000000.0
White Rock,5915007,21939.0,10.0,11541.0,10735.0,5.17,4240.6,50.1248,50.2714,3.1,2.9,1.4,1.5,0.0,0.1,0.0,96.9,23.6912,948000000.0
Delta,5915011,108455.0,6.1,39736.0,38058.0,179.66,603.7,52.3744,52.7158,3.0,2.8,1.6,1.2,0.0,0.1,0.1,97.0,45.3295,4090000000.0
Richmond,5915015,209937.0,5.9,85035.0,81080.0,128.87,1629.0,50.7698,51.2114,0.7,0.7,0.4,0.3,0.0,0.0,0.0,99.3,80.3234,6960000000.0
Vancouver,5915022,662248.0,4.9,328347.0,305336.0,115.18,5749.9,50.9413,51.0521,2.3,2.1,1.4,0.7,0.0,0.1,0.1,97.7,54.5243,28250000000.0
Burnaby,5915025,249125.0,7.0,107046.0,101136.0,90.57,2750.7,52.3468,52.6903,1.7,1.6,1.1,0.5,0.0,0.0,0.0,98.3,67.834,8960000000.0
New Westminster,5915029,78916.0,11.2,37737.0,36099.0,15.62,5052.4,51.4613,51.6858,3.1,3.0,1.6,1.3,0.1,0.1,0.0,96.9,46.8166,3035000000.0
Coquitlam,5915034,148625.0,6.7,58683.0,55949.0,122.15,1216.7,52.4026,52.7733,2.0,1.9,1.0,0.8,0.0,0.1,0.0,98.0,56.5049,5380000000.0
Port Coquitlam,5915039,61498.0,4.9,23671.0,22884.0,29.16,2108.7,51.8027,51.7966,3.0,2.9,1.4,1.4,0.0,0.1,0.0,97.0,39.6639,2264000000.0
Port Moody,5915043,33535.0,0.0,13603.0,13109.0,25.85,1297.3,50.9829,51.0727,3.1,2.9,1.4,1.4,0.0,0.1,0.0,96.9,32.6756,1504000000.0
North Vancouver,5915046,88168.0,2.9,34179.0,32700.0,160.66,548.8,51.3072,51.4835,1.8,1.8,1.1,0.6,0.0,0.0,0.0,98.2,29.0839,4320000000.0
North Vancouver,5915051,58120.0,9.9,29021.0,27293.0,11.83,4913.0,49.4876,49.6614,2.1,2.1,1.3,0.7,0.0,0.1,0.0,97.9,36.2664,2480000000.0
West Vancouver,5915055,44122.0,3.9,18795.0,17690.0,87.18,506.1,53.0151,53.373,1.0,1.0,0.5,0.5,0.0,0.0,0.0,99.0,43.2457,2565000000.0
Lions Bay,5915065,1390.0,4.2,557.0,506.0,2.53,549.0,47.8788,47.7419,1.1,1.1,0.0,1.1,0.0,0.0,0.0,98.6,,76000000.0
Sidney,5917010,12318.0,5.5,6321.0,5981.0,5.11,2412.8,49.3532,49.4781,3.4,3.1,1.8,1.4,0.0,0.2,0.1,96.6,8.9134,485000000.0
Central Saanich,5917015,17385.0,3.4,7621.0,7105.0,41.2,421.9,50.2463,50.4318,3.8,3.6,1.6,1.9,0.1,0.1,0.1,96.2,8.445,742000000.0
Saanich,5917021,117735.0,3.1,50064.0,48048.0,103.59,1136.6,50.6796,50.5233,3.5,3.3,1.8,1.5,0.0,0.1,0.1,96.5,24.9686,4640000000.0
Oak Bay,5917030,17990.0,-0.6,8168.0,7807.0,10.52,1710.1,50.4896,50.4279,2.0,1.8,1.0,0.9,0.0,0.0,0.1,98.0,12.7834,944000000.0
Victoria,5917034,91867.0,7.1,53070.0,49222.0,19.45,4722.3,49.6629,49.4854,5.0,4.7,2.7,2.0,0.0,0.2,0.1,95.0,16.9018,3610000000.0
Esquimalt,5917040,17533.0,-0.7,8995.0,8565.0,7.08,2476.7,52.8793,53.0179,5.6,5.4,3.5,1.9,0.0,0.2,0.1,94.4,13.7073,662000000.0
Colwood,5917041,18961.0,12.5,7688.0,7428.0,17.66,1073.6,52.2059,52.4793,4.9,4.7,2.3,2.4,0.1,0.1,0.1,95.1,10.5347,720000000.0
Langford,5917044,46584.0,31.8,19968.0,19050.0,41.43,1124.4,50.814,51.0125,5.8,5.6,2.9,2.6,0.1,0.1,0.1,94.2,16.5837,1740000000.0
View Royal,5917047,11575.0,11.2,5175.0,4915.0,14.33,807.6,50.04,49.788,6.0,5.8,2.7,3.1,0.0,0.0,0.1,94.1,17.5844,466000000.0
Duncan,5919012,5047.0,2.1,2620.0,2454.0,2.06,2444.5,47.75,46.6851,16.5,16.0,13.5,2.6,0.0,0.3,0.0,83.6,5.5974,143200000.0
Lake Cowichan,5919016,3325.0,3.1,1586.0,1491.0,8.24,403.5,52.4138,51.711,12.5,12.2,4.8,7.2,0.0,0.3,0.0,87.3,,111000000.0
Ladysmith,5919021,8990.0,5.3,4079.0,3926.0,12.04,746.5,50.6112,50.3329,7.0,6.9,2.8,4.0,0.0,0.2,0.0,92.9,5.3409,317000000.0
Nanaimo,5921007,99863.0,10.3,45138.0,43164.0,90.45,1104.1,50.5453,50.4916,8.2,7.8,4.5,3.2,0.1,0.2,0.2,91.8,13.7085,3430000000.0
Parksville,5921018,13642.0,9.5,7105.0,6754.0,14.52,939.5,47.7362,47.2574,4.1,4.0,1.9,1.9,0.2,0.0,0.0,96.0,5.5994,469000000.0
Qualicum Beach,5921023,9303.0,4.0,4763.0,4435.0,17.98,517.5,50.6217,50.6744,3.1,2.9,0.9,2.1,0.0,0.0,0.1,96.9,3.3599,351000000.0
Port Alberni,5923008,18259.0,3.3,8919.0,8451.0,19.66,928.9,49.6867,48.6787,15.9,15.6,10.8,4.8,0.1,0.3,0.1,84.1,6.2639,573000000.0
Comox,5926005,14806.0,5.5,6672.0,6442.0,16.87,877.7,50.9302,50.8728,6.8,6.7,3.7,2.7,0.2,0.0,0.1,93.2,4.9197,538000000.0
Courtenay,5926010,28420.0,10.8,13414.0,12992.0,32.42,876.7,49.831,49.7743,7.6,7.4,4.3,3.0,0.1,0.1,0.1,92.4,8.3034,972000000.0
Powell River,5927008,13943.0,6.0,6718.0,6402.0,28.91,482.4,49.8765,49.9109,6.1,5.9,3.2,2.7,0.1,0.1,0.1,93.9,6.1217,460000000.0
Gibsons,5929005,4758.0,3.3,2482.0,2282.0,4.31,1103.2,45.354,45.0839,5.9,5.0,2.8,2.3,0.0,0.0,0.8,94.1,,174800000.0
Chase,5933054,2399.0,4.9,1249.0,1175.0,3.75,639.3,50.5495,50.9091,11.3,11.1,5.7,5.5,0.0,0.0,0.0,88.7,,76400000.0
Kelowna,5935010,144576.0,13.5,67115.0,62209.0,211.85,682.4,51.3789,51.2772,5.6,5.4,2.4,2.9,0.0,0.2,0.1,94.4,13.9678,5520000000.0
Vernon,5937014,44519.0,11.0,21287.0,19776.0,96.43,461.7,51.6722,51.6003,7.3,7.1,3.3,3.7,0.1,0.1,0.1,92.7,8.025,1536000000.0
Armstrong,5937028,5323.0,4.1,2292.0,2217.0,5.22,1020.0,51.6,51.073,7.2,7.1,2.6,4.4,0.0,0.0,0.0,92.9,3.5225,173600000.0
Enderby,5937033,3028.0,2.2,1508.0,1436.0,4.26,710.4,51.8828,50.2262,10.6,10.1,4.5,5.5,0.0,0.0,0.0,89.4,,89200000.0
Dawson Creek,5955014,12323.0,1.2,6189.0,5405.0,26.72,461.1,52.5037,51.7551,15.2,14.7,8.5,6.1,0.1,0.4,0.2,84.8,13.546,448000000.0
Fort St. John,5955034,21465.0,5.9,10004.0,8777.0,32.67,656.9,55.0397,55.0958,13.1,12.6,6.8,5.6,0.3,0.4,0.1,86.9,16.2258,840000000.0
Diamond Valley,4806011,5341.0,1.5,2366.0,2251.0,12.57,424.9005569,51.83752418,53.07855626,7.217473884,6.647673314,1.804368471,4.65337132,0.0,0.379867047,0.189933523,92.78252612,,186000000.0
Lloydminster,4810039,31582.0,0.5,13532.0,12079.0,42.04,751.2369172,52.47354876,52.21039045,13.33118141,12.95997418,5.923176243,7.004519045,0.03227889,0.242091672,0.129115558,86.66881859,17.33376372,1109000000.0
