CSDUID,CSDNAME,csd_area_km2,ecozone,ecozone_coverage_pct,road_length_km,total_area_km2_csd,canopy_area_km2_csd,canopy_proportion_csd,total_area_km2_10m_buffer,canopy_area_km2_10m_buffer,canopy_proportion_10m_buffer,total_area_km2_20m_buffer,canopy_area_km2_20m_buffer,canopy_proportion_20m_buffer
1001485,Conception Bay South,61.90603882450637,Boreal Shield,100.0,248.29965609606987,61.15399197322788,16.98980659804746,27.782007437037453,4.783093034139678,0.4302486472021876,8.995197127282625,9.310530724557436,1.1549621135589614,12.404900942033688
1001517,Paradise,32.522274401259295,Boreal Shield,100.0,163.82101289060313,32.1394007287698,7.364679309181318,22.914799723035205,3.065855883423088,0.0961197526866475,3.1351686557206326,5.881956471358004,0.3182616474024395,5.410812693908979
1001542,Mount Pearl,15.895362887579134,Boreal Shield,100.0,134.09738828917656,15.706477934744283,2.078826938359068,13.2354748594559,2.4838975746928846,0.0850308335742996,3.4232826039460624,4.736927799281459,0.2091594722053546,4.415508976874883
1005017,Massey Drive,2.7163330494414604,Boreal Shield,100.0,8.803405136796965,2.715033542300753,1.2910637195812775,47.5524040298675,0.1716779833746981,0.004256699480423,2.4794673124348865,0.3353388734575559,0.0127323387036868,3.796857361751218
1102075,Charlottetown,45.58302942050059,Atlantic Maritime,100.0,307.1146849734802,44.55496600960552,7.884856507534717,17.696919588794742,5.665669033546604,0.4978507979241456,8.787149319459987,10.757699032849532,1.3754231638736916,12.785477263062688
1102080,Stratford,23.24077765410004,Atlantic Maritime,100.0,118.90835000620598,22.70442311381708,5.385418027565302,23.719686690863035,2.231020175639956,0.2432287726406379,10.902132365112704,4.318967185205375,0.735763012005294,17.03562403821105
1103014,Kensington,3.2564522143183248,Atlantic Maritime,100.0,16.488055067320065,3.1877427740064896,0.4877262203212776,15.300049436180911,0.3064940536526898,0.0219498740874412,7.16159867568399,0.5899417087927521,0.0546073092719433,9.256390666747553
1103025,Summerside,28.89017691750979,Atlantic Maritime,100.0,141.18544861940543,28.273341444560483,5.090626599813494,18.005040577872276,2.587955389047207,0.2052723311261197,7.93183421920166,4.93798793337102,0.5284122388980523,10.700962538345465
1202006,Yarmouth,11.14263560622456,Atlantic Maritime,100.0,73.64220282947419,10.642094538156776,2.130722308613797,20.021644244694343,1.3285993791069248,0.1362351532886218,10.254043124737736,2.530070334482501,0.2951566553189252,11.665946645680757
1203006,Digby,3.290172658037343,Atlantic Maritime,100.0,26.717731569028945,3.1668539328089884,1.1706337572189902,36.96519580808838,0.4863440188715631,0.0626408972397696,12.879956329084065,0.9229904951503904,0.1672795755415204,18.123650939034235
1206004,Bridgewater,14.674786454428158,Atlantic Maritime,100.0,75.75981544013929,14.090894635663837,7.542856018797542,53.53000085393222,1.4088322119998935,0.2714605515441872,19.268479896469582,2.7277689893492107,0.7393480781718275,27.10449752375184
1206006,Lunenburg,4.219143032966643,Atlantic Maritime,100.0,34.971767303582794,4.051051213755591,1.2395884633919665,30.599180261727334,0.6118746651822498,0.0854996884936193,13.973399024153563,1.1332140790423606,0.1885331916394065,16.637032236550514
1207024,Wolfville,6.704514373049958,Atlantic Maritime,100.0,36.092091476686974,6.481903201884447,1.7634561781775209,27.20583944642741,0.6724643759295041,0.1017517756321353,15.131177096406091,1.3034644471852077,0.2870516757874237,22.022209842953767
1211011,Amherst,12.41481254062636,Atlantic Maritime,100.0,84.74745383276256,12.08537617624006,2.7163738618277717,22.47653546083392,1.562743313991658,0.139035367763255,8.896878106496077,2.9885936451945407,0.3346459190744764,11.197437952548842
1212009,Stellarton,9.38031718048314,Atlantic Maritime,100.0,51.843819387899735,9.10974651583412,3.0702895424571346,33.70334769601444,0.9361946297095056,0.114164187276562,12.194492860099649,1.7749470212597307,0.2939308840724878,16.55998069530417
1212014,New Glasgow,10.25880614829795,Atlantic Maritime,100.0,85.08757902240575,9.965182672323929,3.869185821029688,38.827043600269256,1.5655344921667282,0.2290993793624411,14.633940070228888,2.94853672207716,0.5602214497734798,18.999982112443213
1214002,Antigonish,5.252123404958433,Atlantic Maritime,100.0,40.85257390017067,5.103541537715954,0.8481531664808724,16.618913752594946,0.7544643233167468,0.0566106744351753,7.50342629672742,1.4228919066816827,0.1403297706291093,9.86229312080153
1303012,Oromocto,23.28853263563811,Atlantic Maritime,100.0,128.0209636223193,22.673714013589347,9.581168968124471,42.256724956405726,2.349883900689347,0.116063166209068,4.939102147770812,4.466941056265511,0.4086364088829376,9.148014351113224
1305022,Sussex,9.34281443122048,Atlantic Maritime,100.0,54.29565724056451,9.086448569341329,2.310269574276031,25.42544049686402,0.9781980260460916,0.1117491988924,11.423985319628375,1.830310146279712,0.2829121928638712,15.45706302502439
1306020,Riverview,34.99223038916716,Atlantic Maritime,100.0,149.35627333194043,34.13452382639995,15.396405472784403,45.10508349577938,2.789957411837624,0.2937879508168041,10.530194818396843,5.343380083221782,0.7272764001955067,13.61079296004331
1307022,Moncton,146.12151434508286,Atlantic Maritime,100.0,696.5289667652706,142.6288987538292,62.51394751540806,43.82979049940238,12.616378309280366,0.848538839647404,6.725692737219484,23.56262903595737,2.4416598400080933,10.362425331579246
1310032,Fredericton,144.40647807216405,Atlantic Maritime,100.0,551.8944908879309,140.74968076137168,75.0383224277043,53.31331625179667,9.931724320220916,1.2678234907746395,12.765391485880858,18.77102476923205,3.340335557667415,17.795168877208155
1314022,Saint-Quentin,4.293428150584238,Atlantic Maritime,100.0,27.044063790168057,4.241977212440316,0.4953321292566723,11.676916316382536,0.5125714696597734,0.015017967282492,2.929926492487073,0.9825602486096412,0.0465386123789364,4.736463992390318
2409065,Price,2.6730630042477226,Atlantic Maritime,100.0,14.78232581859799,2.6648176053172,0.2082110011016957,7.813330288956564,0.2835235715455514,0.0083542105640259,2.946566494801556,0.5447492360342172,0.0221486397457915,4.06584135978491
2411040,Trois-Pistoles,7.688347621880233,Atlantic Maritime,100.0,33.55244718379485,7.634759347674198,2.162394510241691,28.323021221362115,0.6335007248624825,0.0358792923999466,5.663654514007882,1.2111032061483669,0.0974410667901281,8.045645184939843
2421045,Boischatel,21.18953947797441,Boreal Shield,88.16,67.44278954041702,20.830723816352887,13.929745378244284,66.87115388332747,1.2568526766134682,0.1643436247790725,13.075806563255195,2.3794564763479293,0.4527153941027558,19.026000206467263
2423027,Québec,469.3898346831816,MixedWood Plain,50.63,2933.879047340405,461.1748063392855,217.5261670731089,47.1678339933156,52.45333497623079,6.774469215820952,12.915230688174164,96.20578535025447,15.377160395662925,15.983612980944544
2423057,L'Ancienne-Lorette,7.865285258473006,MixedWood Plain,100.0,89.80427955406269,7.724234744526562,1.604101110350072,20.76712015370516,1.627210766352897,0.1694085843462141,10.41097980969689,3.056875618728384,0.3392317890754889,11.097336999815663
2432040,Plessisville,5.0567110934589055,MixedWood Plain,100.0,50.06439433220059,4.940020319659429,0.5913948042782631,11.971505500184552,0.911392668028606,0.0527393056651602,5.7866721464018696,1.6945337630772446,0.1271883855583399,7.505804152722692
2437067,Trois-Rivières,301.2045976342449,MixedWood Plain,100.0,1182.115024954591,294.66906671651464,137.56206679563647,46.68357908364287,21.50829827161609,1.5136379019956765,7.037460067183382,40.312732231477526,4.3743447365801,10.85102520827022
2439062,Victoriaville,88.30798226833426,MixedWood Plain,100.0,404.70396400622224,86.15403418560093,19.290363482825896,22.39055160350219,7.418856777275626,0.6806246056463813,9.174251856851754,13.966772842397845,1.8248959222474024,13.065981260235782
2441060,East Angus,8.622241668376322,Atlantic Maritime,100.0,42.17078437180289,8.367282455613358,3.298127450048637,39.41694890240048,0.7571585545026785,0.0679097540937009,8.969026855716615,1.442783328333831,0.1949571834378607,13.51257528481446
2442098,Richmond,7.684612041153515,Atlantic Maritime,100.0,37.66194837893622,7.469146130296852,2.705129491891911,36.21738609342752,0.6861888478382563,0.0874988874276336,12.751429537697511,1.2999965963690203,0.2348220348602135,18.063280743664063
2443027,Sherbrooke,377.35817947588936,Atlantic Maritime,100.0,1415.4068981610412,365.9205236536072,176.8234676036892,48.32291609067447,25.655575865309,2.159001930228948,8.415332174041398,48.38745074022068,7.526553545290646,15.55476353920504
2446035,Bedford,4.534628830523025,MixedWood Plain,100.0,25.7587586775296,4.385415931972112,1.525562980316814,34.787190177210206,0.4739488990119447,0.0873944472717924,18.439635043775024,0.9096965451631494,0.2193667192964454,24.114274200865868
2447017,Granby,160.1769882263951,MixedWood Plain,100.0,593.2244335732183,155.3202403183612,61.21258097297319,39.4105628780288,10.941915994873836,1.049733802850235,9.593692762236737,20.91665131382328,3.603563769154204,17.22820596417698
2447025,Waterloo,13.961234726380235,MixedWood Plain,80.02,50.71780994603088,13.52987349964062,5.888212715474556,43.5200869810864,0.940784347966098,0.1186099341648601,12.60755819559344,1.819008602270441,0.3102025730053959,17.053386807418548
2449075,Notre-Dame-du-Bon-Conseil,4.541145946230405,MixedWood Plain,100.0,16.415530966812224,4.427850370904232,1.292093417013985,29.18105420870671,0.3019641907954341,0.0170399183060262,5.643026168480347,0.5842634317168403,0.0520692003223751,8.91193894667879
2452035,Berthierville,7.021977330018292,MixedWood Plain,100.0,37.043594610368906,6.85192599899511,1.388640183405577,20.266421201998277,0.661945277232052,0.047938036037883,7.241993815310186,1.2338963318485168,0.126465594699167,10.249288488418411
2452080,Saint-Gabriel,13.140487097397326,Boreal Shield,100.0,31.14673073539517,12.849060211208426,1.2238572583004368,9.52487760336626,0.5702652331755911,0.1096388078749723,19.225932337560785,1.065227491139048,0.2589229070678914,24.306817954071487
2453050,Saint-Joseph-de-Sorel,1.4429729777753182,MixedWood Plain,100.0,9.871745462070386,1.4075783309124457,0.1140383459325734,8.101740658272954,0.1775495034938128,0.0184627328700615,10.39863953813022,0.3260399028011101,0.0398968682175341,12.23680533418387
2453052,Sorel-Tracy,60.835994634000215,MixedWood Plain,100.0,309.8211367077131,59.324575116052046,22.419388205508916,37.791064093845776,5.515718219445021,0.7558036913764132,13.702724854796164,10.125627727359449,1.744445720253014,17.228025434309828
2454025,Sainte-Madeleine,5.525840744457855,MixedWood Plain,100.0,19.42162532522267,5.367350139495515,0.4269592616628039,7.954749561073624,0.3474490365156548,0.0124303222974704,3.577595846034356,0.6585335922899629,0.0367310796491214,5.5777078161486
2456083,Saint-Jean-sur-Richelieu,241.0870129316303,MixedWood Plain,100.0,869.9205186403016,233.5968869811723,30.38215076826293,13.006231016559614,15.100995337129644,1.4880385065510402,9.853910112085911,27.445448873542084,3.387385545045307,12.342248657156448
2457005,Chambly,28.405278591970152,MixedWood Plain,100.0,174.83063212997703,27.55138012636018,5.176740811697044,18.789406512322493,3.1453900271246784,0.3618175285815172,11.503105352955814,5.847815179438649,0.790135218831711,13.511631174834063
2457020,Saint-Basile-le-Grand,37.95021479802752,MixedWood Plain,100.0,111.81039713497869,36.84270937451619,4.054999706053211,11.006247300742825,2.0863058147621745,0.2337504662481667,11.204036560422129,3.914651602455296,0.5207906692411747,13.303627554353271
2457025,McMasterville,3.4747992010674915,MixedWood Plain,100.0,35.343611425093066,3.3740295042560056,0.3942746488550382,11.685572054355172,0.6220954836069778,0.033516230490863,5.387634434593912,1.1382656375422249,0.0767538026431791,6.743048380948068
2457030,Otterburn Park,5.894538672609087,MixedWood Plain,100.0,57.37093639948091,5.72304764754035,1.784074020960781,31.17349585107054,1.0324741090265734,0.2023612784828516,19.59964678181033,1.9663707450096064,0.5013752031520248,25.49749097032948
2457035,Mont-Saint-Hilaire,46.991923641810295,MixedWood Plain,100.0,173.79605123162747,45.63654822528587,22.01859487729989,48.24772191052792,3.113525327788332,0.4810130291239065,15.449144570331477,5.7692741810056205,1.248908602644843,21.64758622075317
2457040,Beloeil,26.23706456945267,MixedWood Plain,100.0,157.80044586938203,25.484346840606715,1.836683700863422,7.207105257007621,2.8417364314175955,0.3055826913940925,10.753379096514347,5.327049531366537,0.6782548774487253,12.732280288648528
2458007,Brossard,46.69704214545803,MixedWood Plain,100.0,480.9757979131995,45.3000313627256,11.341395099656168,25.03617493957908,8.112752285525826,0.7484209872218239,9.225241457909435,14.10507828805297,1.5446420335052111,10.95096391498604
2458012,Saint-Lambert,7.795760400972595,MixedWood Plain,100.0,121.62416882635686,7.566008745248227,2.4518360326936395,32.40593706997096,2.014315457481679,0.6155193267779261,30.55724586194933,3.5256159621558942,1.1613518028911962,32.94039439794901
2458033,Boucherville,73.39198352314499,MixedWood Plain,100.0,392.3746294494538,71.29181108825911,12.634094645659813,17.721663193573285,7.051429366177965,1.0186731254911905,14.4463352405859,13.05783128573666,2.1405589157762788,16.392912949598724
2458037,Saint-Bruno-de-Montarville,45.10082313651883,MixedWood Plain,100.0,238.04415767974567,43.78737700803698,17.09178691072727,39.03359387704394,4.162838452553027,0.9754347723424204,23.431963153511184,7.62343850913112,2.0370226810391663,26.72052353540051
2458227,Longueuil,119.49132310777752,MixedWood Plain,100.0,1115.042089221913,115.98501449203604,30.63885840158613,26.41622155738913,19.531317071790536,2.098687014531825,10.745240614433524,35.14928087524618,4.619603097211519,13.142809702445057
2459010,Sainte-Julie,50.27352335184681,MixedWood Plain,100.0,212.5704318830531,48.83962249646239,11.050072273071262,22.625220483372196,3.794165182044609,0.610721988144994,16.096346860045944,7.075914487997765,1.25883787935642,17.79046201719471
2460005,Charlemagne,2.381784899317938,MixedWood Plain,100.0,31.644565912518864,2.316547153824076,0.3941120513488259,17.012908660125454,0.546146757849626,0.0467001478754735,8.550842278978019,0.9940638675638954,0.105259282295046,10.588784657569327
2460013,Repentigny,64.34501293519578,MixedWood Plain,100.0,447.7741156107684,62.60440805495615,12.288316513674085,19.62851641834391,7.948942185982011,1.2380480621900998,15.575003984472326,14.7176747232284,2.466636789315145,16.759690886646226
2461025,Joliette,24.194844373003807,MixedWood Plain,100.0,154.48094842681317,23.593568246054275,6.533343040823999,27.691203690296472,2.780385648331708,0.3651249451722023,13.132169107234647,5.187272779534845,0.8113925640495094,15.641987582582248
2461030,Notre-Dame-des-Prairies,19.192694206485083,MixedWood Plain,100.0,83.20137737137198,18.722832861277247,5.770453658213329,30.820408967853574,1.534141156785542,0.2366800226452058,15.427525791767248,2.924718253645165,0.5605190060529679,19.16488897193349
2461035,Saint-Charles-Borromée,19.46251472775608,MixedWood Plain,100.0,111.30204518228774,18.98509572310168,5.527179171185693,29.113254164212844,2.030206011817778,0.2956324748863874,14.561698328421755,3.8482709085069815,0.7934754415804941,20.61901203021956
2464008,Terrebonne,158.86007212185177,MixedWood Plain,100.0,770.9894308917728,154.5190157538066,45.85379013126772,29.67517616364192,13.816826339566935,1.1520845888504407,8.338272194615648,25.836122111648937,2.8693497805984327,11.105961522393898
2464015,Mascouche,110.63120470835044,MixedWood Plain,100.0,346.07667712337667,107.64138554756296,43.507640529920174,40.41906401390168,6.339657964844622,0.9290132529923808,14.653996448137244,12.074891056520451,2.19985651767406,18.218437809309552
2465005,Laval,254.07883564325712,MixedWood Plain,100.0,2059.807039719847,246.8430212898172,59.71797920648808,24.192694974501023,36.13523715632818,4.835039539620806,13.3804007393212,65.0917095878885,9.247572422996033,14.20698961748688
2466023,Montréal,376.7306158777741,MixedWood Plain,100.0,4523.854651372407,365.7551813253143,80.92756853165187,22.126157786312344,77.91849034262599,15.910759249469326,20.41974784098866,138.69729559950304,27.858034393928165,20.0854921312741
2466032,Westmount,4.168906108101522,MixedWood Plain,100.0,65.15138942445857,4.045424548879168,1.5310885642831862,37.84741368387138,1.1305088296632473,0.4006142191811226,35.43662894702525,2.0343578455322944,0.7056787006016735,34.68803200732028
2466047,Montréal-Ouest,1.4105070906692847,MixedWood Plain,100.0,21.32207335386278,1.3686436324143108,0.4578831092795242,33.45524711000267,0.3878365375510301,0.1177699970470402,30.365885017098083,0.7171264852151373,0.2165072184931146,30.19093883112721
2466058,Côte-Saint-Luc,7.251679425941719,MixedWood Plain,100.0,77.0905445229691,7.036215547634595,1.0836808199589785,15.401472746571637,1.3099316968416783,0.2116491369751098,16.15726510667756,2.401183313854948,0.3950999629331775,16.454385662828447
2466062,Hampstead,1.8488808205775724,MixedWood Plain,100.0,30.18320120886282,1.7941027542857992,0.4857477050614474,27.07468699332191,0.5111891216381519,0.120806916732003,23.63252886619854,0.941756956179114,0.2292930794813097,24.347373064447023
2466072,Mont-Royal,7.773934252833111,MixedWood Plain,100.0,118.42444680879224,7.545872632925868,1.8891963135057717,25.036154271441056,1.9583652406923715,0.6691322573584675,34.16789899323881,3.441536598157911,1.121428767544771,32.58511817497504
2466087,Dorval,21.60037621111023,MixedWood Plain,100.0,182.4165492850145,20.956712455111116,2.387745059197468,11.393700535386802,3.000388095578923,0.4708219482781497,15.692034939476883,5.166740509475881,0.8781611080447295,16.996423691767927
2466097,Pointe-Claire,19.501925711146285,MixedWood Plain,100.0,224.13644942206056,18.92013705435777,4.517904632294201,23.878815567319677,3.906734409318736,0.7914291469353877,20.258073982392848,6.931087041884027,1.4488738163358836,20.90399107067117
2466102,Kirkland,9.94651552479157,MixedWood Plain,100.0,136.22832204333474,9.649152547037172,1.5824825289644913,16.400222934089705,2.406570414576682,0.4528239428701946,18.816151820342508,4.252278154631732,0.7822431918173989,18.39586130943368
2466107,Beaconsfield,11.372647930470023,MixedWood Plain,100.0,143.50626052927106,11.03104846808314,4.753356253269619,43.09070227569771,2.5641602556819127,0.7352256705763406,28.67315601461168,4.712805256254423,1.6400090005947108,34.79899786689115
2466112,Baie-D'Urfé,6.22094317884364,MixedWood Plain,100.0,56.75887699036928,6.0331237589841695,2.1107045622999188,34.98526876987702,1.008312575624576,0.2324590787072176,23.05426752842255,1.8587080830905391,0.6196159696147637,33.33584091292628
2466117,Sainte-Anne-de-Bellevue,10.80984470311687,MixedWood Plain,100.0,74.84189650895445,10.484553175434694,4.336315228278427,41.35908470032288,1.2551669196193662,0.1582719399423284,12.60963282798474,2.1570587290088423,0.3746888043450011,17.37035711202767
2466142,Dollard-Des Ormeaux,15.542377364966988,MixedWood Plain,100.0,194.00426111569533,15.083321407485794,3.540719336698825,23.474400903116603,3.4998835947996376,0.6415497642397016,18.3306029147072,6.528448070412903,1.1729733475783866,17.967108490826973
2467015,La Prairie,45.25708341270904,MixedWood Plain,100.0,180.48113162949863,43.88556085416533,13.548060057148396,30.87133853015917,3.152891919815485,0.3811970653879935,12.090394313621196,5.753319367893279,0.8266049610522159,14.367444395058811
2467020,Candiac,17.8562011600449,MixedWood Plain,100.0,167.00854512995443,17.310513313365266,3.003144179129623,17.34867201662314,2.8588788453832605,0.5900298080986197,20.63850341372268,5.0845732961885615,1.055553269908894,20.7599184517636
2467025,Delson,7.938105654189154,MixedWood Plain,100.0,59.0390316885434,7.695429956250005,1.664355012358686,21.62783654481768,1.0149250540699748,0.0864662530454479,8.51947172835152,1.8573034852356527,0.1943209358213307,10.462530080089495
2467030,Sainte-Catherine,9.685998530316214,MixedWood Plain,100.0,85.75581780944174,9.392357477659484,2.079182357562927,22.1369593577378,1.5657039183825907,0.2978858874670493,19.02568448412472,2.950345704984024,0.560426751772741,18.99529098661256
2467035,Saint-Constant,58.95681213270835,MixedWood Plain,100.0,209.5104663206451,57.141331522621954,5.554436969537655,9.72052421868868,3.758880237075159,0.2830997127483403,7.531490627342372,7.068499473827406,0.6717999429662618,9.504137977992942
2467050,Châteauguay,38.45722400126715,MixedWood Plain,100.0,295.9922233280609,37.27571705549493,9.608409548038429,25.77659212761414,5.354747289200987,1.0198657381748706,19.04601063493046,10.097792113219688,1.975821202290401,19.56686352954051
2468030,Napierville,4.650787346427688,MixedWood Plain,100.0,29.036250562970665,4.5007723695125375,0.4653069347052173,10.338379649171484,0.520406535410184,0.0307453603060703,5.907950460659937,0.985594353257382,0.0740278340933881,7.510983991408506
2469055,Huntingdon,2.9675828374972397,MixedWood Plain,100.0,24.53615516263031,2.869351437993667,0.4667930413369526,16.268242194248177,0.4350540101885956,0.0587179254317704,13.496697894203132,0.8276408831393751,0.123830132539296,14.961819197426356
2471033,Les Coteaux,12.13745670521356,MixedWood Plain,100.0,43.049013425329306,11.754997954089502,2.55762528198606,21.75776883990248,0.7764513428636417,0.088384469823805,11.383130525324743,1.4843549944012768,0.2002301765062853,13.489372640744165
2471055,Pointe-des-Cascades,2.975972106445857,MixedWood Plain,100.0,12.90565360803684,2.8840263551687166,1.0865261462406957,37.67393263565143,0.2428054937013269,0.0313688664601901,12.919339666497292,0.4709115891338892,0.0661004659527313,14.036704017903826
2471060,L'Île-Perrot,5.661457735650892,MixedWood Plain,100.0,62.261562569696565,5.489457792901144,2.354200013677457,42.88583868377421,1.1208376553373989,0.1927640597815762,17.198214109210106,2.0721105690138697,0.4455696118287345,21.50317741204244
2471065,Notre-Dame-de-l'Île-Perrot,29.062089840352016,MixedWood Plain,100.0,95.39278120468968,28.172268449184934,10.720192795628106,38.0522882456711,1.766886106350271,0.4561350610458481,25.815759114663784,3.359363184462408,1.0179890259796545,30.303035726771565
2471070,Pincourt,7.335561149893844,MixedWood Plain,100.0,81.44162153921981,7.111550278488228,2.3772912005259803,33.42859302727653,1.4614050094899995,0.1823180675931097,12.47553323063639,2.699385395144714,0.4572633168193025,16.939534371111485
2471075,Terrasse-Vaudreuil,1.091897237470185,MixedWood Plain,100.0,12.609835310073484,1.0587147779616002,0.5314657382334792,50.19914232771347,0.2322321842208146,0.0745915682188484,32.11939312766576,0.4392753226563653,0.1581367342670829,35.99945776849148
2471083,Vaudreuil-Dorion,75.06909906331295,MixedWood Plain,100.0,357.87072618343205,72.79211392469196,24.517296780491357,33.68125399662942,6.381773048075084,0.8830881427072815,13.837661352962794,11.69109538195412,1.943585086761345,16.624490890403486
2471090,Vaudreuil-sur-le-Lac,1.4275772660163282,MixedWood Plain,100.0,11.596829646514504,1.384335575020255,0.6818399285863467,49.25394831208973,0.2154634635287233,0.0592326743408711,27.490820657384862,0.407498795838014,0.119675613928698,29.36833560025305
2472005,Saint-Eustache,72.73549223246378,MixedWood Plain,100.0,286.67047957646616,70.64613273159331,15.785711903285604,22.344764381173484,5.149723430856184,0.8923039606979273,17.327221018344556,9.488686819324846,1.6373430585322362,17.25573927888094
2472010,Deux-Montagnes,6.2591262441903215,MixedWood Plain,100.0,84.1925533670987,6.07767177606609,1.5144965559140104,24.91902510889297,1.5103149914005425,0.2191091944289578,14.50751635761583,2.8177207448440407,0.4900193041057524,17.390626981130264
2472015,Sainte-Marthe-sur-le-Lac,9.200356440470458,MixedWood Plain,100.0,107.28479746469245,8.931891236211712,1.9852726800862572,22.22678968634948,1.975368165277963,0.2047399368757137,10.364646979460854,3.748445858917071,0.4690524494034819,12.513251279531396
2472020,Pointe-Calumet,5.192418269625964,MixedWood Plain,100.0,49.567183314018514,5.040061151534509,2.16990980696057,43.05324363574268,0.92692307160075,0.22290767116567,24.048130637283585,1.7678419895984032,0.4674453696651987,26.441580888764115
2473005,Boisbriand,28.53134689230577,MixedWood Plain,100.0,191.45796276334147,27.722494952044645,7.838388713730159,28.27447070434779,3.313313500673656,0.3946095055788817,11.90981491786547,6.0375795567881365,0.7919662739973269,13.11728096579544
2473010,Sainte-Thérèse,9.761291729659671,MixedWood Plain,100.0,138.46490942204343,9.48672748439038,2.163040237445253,22.800699619593328,2.308531806311941,0.3533000496980125,15.30410145236148,4.11453221810095,0.755156922419947,18.353408902664697
2473015,Blainville,57.04309592706044,MixedWood Plain,100.0,320.7046786378897,55.45929817030251,22.77933198042032,41.073963666958655,5.8278263767025695,0.8589536428588326,14.738833783597295,11.040204260535091,1.9018542289296927,17.226621754890566
2473020,Rosemère,11.005577795645316,MixedWood Plain,100.0,119.36510481660947,10.695263975049686,4.316823581488497,40.36201062039184,2.154881753662618,0.6106406362221951,28.33754730088085,4.012325205674293,1.2584082748815806,31.363566270797783
2473025,Lorraine,6.074871365225774,MixedWood Plain,100.0,75.63985695719728,5.905550129218796,2.827406557222146,47.8771070494014,1.2014329131933186,0.3076064654759795,25.603299368450344,2.1474955697893616,0.6596606903280421,30.717674094794305
2473030,Bois-des-Filion,4.489408309108106,MixedWood Plain,100.0,63.37616057669578,4.364351497074335,1.1442778090481045,26.21873627307922,1.1020335672444057,0.1628307232388109,14.775477633223389,1.985462762050237,0.3322544068045031,16.734355997762915
2475017,Saint-Jérôme,94.16139179715309,Boreal Shield,84.12,527.7805612493817,91.6408672258948,46.64235841841042,50.89689767277843,9.53471939730385,0.986496137567408,10.346357312270367,17.85410983209868,2.688032401932302,15.05553862506028
2476055,Grenville,4.430479495046951,MixedWood Plain,100.0,16.252744522914867,4.304544239824173,0.9149070245932044,21.254445851172747,0.3016304293253629,0.0320432862050776,10.623359943075624,0.5850328175182626,0.0776366946020899,13.270485394550771
2480050,Thurso,7.594039925787182,Boreal Shield,50.46,26.834104239678343,7.377898405275687,1.0780122235855414,14.611372566674152,0.4867438557346129,0.0252409248932849,5.185668929542089,0.9219161202087636,0.061325137962448,6.651921646468368
2481017,Gatineau,392.8951018568891,Boreal Shield,81.95,1728.5653002154747,381.3023103364024,128.08245617007563,33.590789433474825,30.988433201228204,3.093881413859414,9.983987876278915,58.02932843525876,7.485289549337878,12.899149018567304
2483065,Maniwaki,6.4165375395937225,Boreal Shield,100.0,40.44648425311616,6.277801631392052,1.7472438237294157,27.832096748523394,0.7512716539006414,0.0716093048140905,9.531745866131294,1.4336251683988894,0.1947532030252264,13.58466685142895
2484060,Fort-Coulonge,3.2109631856194576,Boreal Shield,100.0,19.99626839841914,3.1261845077231407,1.5278408738456453,48.87238325412855,0.3673731891570103,0.0607086425205625,16.525060704584092,0.6989169862486297,0.1585951490240702,22.69155738728208
2485025,Ville-Marie,12.744596871233092,Boreal Shield,100.0,29.877516842272552,12.573211885875542,1.4375688022688635,11.43358447560878,0.550770082365317,0.072018815165141,13.076021641526289,1.0588737881115453,0.161597879421181,15.26129754419398
2489804,Lac Simon,3.164103490187684,Boreal Shield,100.0,9.927416881764724,3.140725313386455,2.120492687089642,67.51601861046684,0.1902215276895926,0.0381752822551305,20.06885483404685,0.3663909453701073,0.0841028966654514,22.954414602275573
3501012,Cornwall,64.2045821980018,MixedWood Plain,100.0,313.60859500035434,62.04679193018646,18.43290524846929,29.70807140070923,5.678593553792478,0.5092999393198564,8.96876901816151,10.705744071131898,1.2282048425826526,11.472391217482157
3502008,Hawkesbury,13.941132501001617,MixedWood Plain,100.0,64.90123920381895,13.544983051003518,2.038647963136846,15.050945102406809,1.1922221134994098,0.0822719211660806,6.900720950779557,2.273019974480864,0.194245175306052,8.545687124919164
3502044,Casselman,5.562383924760357,MixedWood Plain,100.0,37.38942875513808,5.389472912615029,0.5894546168013202,10.937147776020838,0.6503880252109874,0.016625593590073,2.5562576409182256,1.227292990037202,0.0555117078321525,4.523101515512592
3507008,Prescott,5.125679629745961,MixedWood Plain,100.0,38.95982889759755,4.938151776499367,1.1909027593581412,24.11636606686817,0.7100195541195673,0.0614356458263359,8.652669559575282,1.3100732647651128,0.1437990906935169,10.976415942607538
3507015,Brockville,21.800425326628428,MixedWood Plain,100.0,151.9084141458793,20.979495529359,6.074338549561785,28.95369214698833,2.7351153399710126,0.3142028387096426,11.487736334840369,5.1363018324564695,0.796121531954917,15.499897745965733
3507024,Gananoque,7.53408800731101,MixedWood Plain,100.0,52.58032399397529,7.23158501795119,2.658940459990106,36.76843255510009,0.9386439339879908,0.1154111234927548,12.295516895571977,1.7409091836282726,0.2869450106966504,16.482480154342174
3509004,Smiths Falls,10.40098834757364,MixedWood Plain,100.0,76.22961754304893,10.03702516548654,2.741799760090659,27.31685648770366,1.3591613793699866,0.1376932030725689,10.130747177086064,2.5451080115637748,0.3341653225269222,13.129710841686562
3509021,Perth,12.930765853855696,MixedWood Plain,100.0,57.424491818051536,12.479917899766402,4.407384138720298,35.3158103612428,1.0073832501426123,0.1309611954248213,13.000136284406311,1.9275848137507523,0.3357879433037981,17.420138450375724
3509028,Carleton Place,10.754896102765592,MixedWood Plain,100.0,87.93975705040043,10.402799790489222,2.25704699907294,21.696534053615533,1.5922522474159448,0.1232117291835203,7.738204130876862,2.996616087961635,0.3107011263291219,10.368399461556246
3512002,Deseronto,2.629955068978288,MixedWood Plain,100.0,16.48105348388425,2.520619234545592,0.5145377512390394,20.413148649633253,0.284910429406335,0.0354102509668913,12.42855554311414,0.5410510800899377,0.0864498367296573,15.978128481933163
3514021,Cobourg,23.45636256870508,MixedWood Plain,100.0,158.90891866232633,22.43299844898817,5.395995160040036,24.05382932785528,2.8496820672343457,0.2539486721370408,8.911473846747452,5.377915907830819,0.6852242381508108,12.741445755093553
3515014,Peterborough,70.41458084829365,MixedWood Plain,100.0,477.8608491658748,67.56608935946244,14.378724591558468,21.280977969675508,8.652649550735926,0.6574983440338512,7.598809360976945,16.465806102532397,1.99446078505376,12.112743054511112
3518001,Pickering,244.2709835812291,MixedWood Plain,100.0,717.9823523468608,233.47587987146275,59.64764585741752,25.54766937392239,12.997317705741503,1.4833207684007157,11.412514504784829,24.79543589676295,3.5952690799301035,14.499721218449992
3518005,Ajax,70.8285856832267,MixedWood Plain,100.0,498.1903369782327,67.66860448255969,15.984133328501208,23.62119545796281,8.861098099850372,1.1734281582381456,13.24246887931373,16.56361539115539,2.297559464804225,13.871123003925042
3518009,Whitby,154.82859756089314,MixedWood Plain,100.0,791.678993551864,148.01677017943507,35.81972726651041,24.199776297704325,14.257072231911298,1.749206477034047,12.269044082689264,26.756608528235468,4.071527482969906,15.216904185271996
3518013,Oshawa,153.63777131158295,MixedWood Plain,100.0,826.8490982993407,146.90235172809747,33.64788742275107,22.904934486705947,14.855164590468114,1.905463981480579,12.826946277681964,28.13977328513249,4.381995260424664,15.572247921200802
3519028,Vaughan,287.9851397072113,MixedWood Plain,100.0,1551.9640346185292,275.05110153540784,44.955071381431175,16.34426153194083,27.91321808748677,1.3452253038283544,4.819312841722847,52.44870831403023,3.2695678918785074,6.233838729263588
3519036,Markham,222.98928303343143,MixedWood Plain,100.0,1408.1242801975293,213.068934838283,33.421889427626105,15.685951334479125,25.25123512448315,2.6143082303592955,10.353189527052118,47.52075145701996,5.641038933342083,11.870685459265324
3519038,Richmond Hill,107.16222925230949,MixedWood Plain,100.0,780.1648702964314,102.4170394583568,25.444812572927,24.84431566025981,14.01681887671227,1.6264587385696634,11.603622425855011,26.56887511819293,3.6444240557371046,13.71689256517149
3519046,Aurora,52.47273405524562,MixedWood Plain,100.0,310.17924737945646,50.19605783071127,14.325534750951055,28.53916297424121,5.643190449856824,0.6778676398900324,12.012134729694104,10.84110124601596,1.607663374298823,14.829336409800892
3519048,Newmarket,40.30565309272634,MixedWood Plain,100.0,342.13833006926114,38.57667049661693,8.773372724886583,22.742690366852635,6.23157255828819,0.6709951340441017,10.7676694408646,11.941929019677165,1.6594946802496433,13.896370322711112
3520005,Toronto,665.9468475994092,MixedWood Plain,100.0,6471.805009062285,635.3289467876552,151.38050960442416,23.82710725992149,115.09363483379052,19.925836137647742,17.31271774188305,212.4048838038928,40.35173443827189,18.99755491287454
3521005,Mississauga,308.71052747818857,MixedWood Plain,100.0,2475.566424136303,294.1389854521045,42.75482704981571,14.535586632319298,44.28112351000089,4.449467240353997,10.048225717102875,81.54989325235499,10.263194270502373,12.585171925048463
3521010,Brampton,281.2420023128215,MixedWood Plain,100.0,2135.635321400199,268.28200078237995,31.48926143952539,11.73737386320906,38.59498452947464,1.905406760384371,4.936928421176667,72.53487915948942,4.756649782250972,6.557741375417566
3522014,Orangeville,16.145060986040946,MixedWood Plain,100.0,130.5828161457461,15.43183267974379,3.312823999036226,21.46746966343616,2.3221597907680644,0.2673481284783482,11.512908351148466,4.431527485695028,0.6270061089961241,14.148758210799777
3522021,Shelburne,6.856724487850712,MixedWood Plain,100.0,44.06042397781919,6.564658352810729,1.0683580137978048,16.274388648731065,0.7957969978620983,0.0470357289517322,5.910518521443707,1.528192326408346,0.1382668814933923,9.04774085722285
3523008,Guelph,92.71960905181449,MixedWood Plain,100.0,658.1157993699196,88.28328386628051,24.10872230194425,27.30836603049436,11.81357821038636,1.6705544422001015,14.14096908192786,22.25595951297528,3.7616341912512334,16.901694079099094
3524001,Oakville,146.77789987172704,MixedWood Plain,100.0,1047.4244212190804,139.64505213844973,32.180698244547784,23.04463907009218,18.759000304541125,2.0447689271423046,10.90020200408714,34.76827062976787,5.100820907061126,14.670907740501509
3524002,Burlington,196.3269360599142,MixedWood Plain,100.0,941.6233347240184,186.64631050011292,55.3892842881703,29.676067070255208,16.854434208367,2.737380606933056,16.241308210596273,31.421418986990684,6.200507670294659,19.73337891857092
3525005,Hamilton,1188.5517069430405,MixedWood Plain,100.0,3469.182813877206,1128.4405118185884,295.5122097151017,26.18766400355973,62.44184230735867,7.864071675327204,12.594233905876342,118.56184013785924,20.11310510257788,16.964231559826594
3526032,Welland,89.30233290753722,MixedWood Plain,100.0,441.3089331580212,84.55584529462755,17.74235744158756,20.98300523135432,8.01744266410968,1.074062386308533,13.39657084317678,15.416204375251509,2.2572758674760456,14.642228479402988
3526043,Niagara Falls,225.9602704018573,MixedWood Plain,100.0,886.3302288197054,214.08811651208177,64.02609062816035,29.90641968889811,15.881043677134588,2.388415595811604,15.039412046013243,29.777798891618403,5.444441799008595,18.283560241724413
3526053,St. Catharines,105.7402338496147,MixedWood Plain,100.0,777.7507470243632,100.30036533788144,20.526468926855035,20.464999162971743,13.868271262282198,2.597933836676286,18.73293208319292,25.84123102201757,4.770788581964417,18.46192458052617
3526065,Grimsby,72.66546073036938,MixedWood Plain,100.0,251.4834572387951,68.93657497491441,16.21379634846429,23.51987512342235,4.564620407221447,0.5573065036953838,12.209262851598751,8.505513585142657,1.3661829951912858,16.062322180964124
3529006,Brantford,106.26826864320608,MixedWood Plain,100.0,603.2566193181939,100.79394803489332,17.724734465852748,17.585117768892943,10.69146567759253,0.8709830324187787,8.14652601134201,20.091752158341208,2.166027015439043,10.780677555490373
3530010,Cambridge,121.72999810542144,MixedWood Plain,100.0,700.4531712703084,115.74922935603416,27.08649526017214,23.40101563601476,12.549408680454505,1.2771783748866163,10.1771996387033,23.72720841040007,3.0484106046266235,12.847742355103389
3530013,Kitchener,145.58689788539587,MixedWood Plain,100.0,1028.8625634367752,138.4630029434635,26.897500274521235,19.42576695776552,18.49425501518881,1.526816085613331,8.25562362127807,34.7295695516031,3.496029373146477,10.066434506053652
3530016,Waterloo,68.44570714992514,MixedWood Plain,100.0,508.2311034699162,65.13629529635948,14.46119943968786,22.201446020059585,9.09950590889456,0.866364735124899,9.52100854484909,17.21171880189312,2.177128208015807,12.649103980111178
3531011,Stratford,31.822082788767297,MixedWood Plain,100.0,202.26015895696403,30.24977086144446,2.3725351047890464,7.843150666020467,3.615107099914702,0.2594011206808109,7.175475401183315,6.893531767300505,0.5092865810041337,7.387890535587818
3531016,St. Marys,13.544318274048337,MixedWood Plain,100.0,68.29187138953912,12.85939241759036,2.133593610826044,16.591713990370973,1.2381930016405782,0.1571001160649061,12.687853659062192,2.37769626616567,0.3990712638147064,16.783946271584057
3532004,Tillsonburg,23.72900805077868,MixedWood Plain,100.0,145.30640411512186,22.43637315816665,6.453599831128533,28.76400648907677,2.5861367378569446,0.2555585767529179,9.88186637666699,4.931438960613514,0.74455764775118,15.098182370253866
3532018,Ingersoll,13.565931666681326,MixedWood Plain,100.0,95.58134243438576,12.850466908914967,3.079222937676043,23.96195375235621,1.6817257992005543,0.1681314401122528,9.99755371489085,3.222404407655625,0.4731544207670228,14.68327251672467
3532042,Woodstock,62.02310413875899,MixedWood Plain,100.0,344.881110799423,58.81745427360631,10.567382240062525,17.966405330814396,5.980519621645208,0.4440379809836633,7.424739137658928,11.088437845599476,1.065908108365942,9.612788773388449
3534011,Aylmer,6.749455274570849,MixedWood Plain,100.0,45.58464560954895,6.376598396337872,1.0765719935471534,16.88317072258207,0.814189416924727,0.0914185816714256,11.228171205752414,1.5603387396636752,0.2189385205870649,14.03147374487775
3534021,St. Thomas,38.19825096937232,MixedWood Plain,100.0,237.7342937342005,36.08849408905819,7.552959587290904,20.92899628522021,4.211785558683089,0.2658615946002976,6.312325043524422,8.070662704281922,0.692974634003349,8.586341164222965
3537034,LaSalle,69.52005987285817,MixedWood Plain,100.0,260.8249277906414,65.29028487493112,12.40098930460442,18.993621069902712,4.6235595413306765,0.468058874869222,10.12334481010086,8.791069413538024,1.2198226137967187,13.875702220235263
3537039,Windsor,155.7581209538709,MixedWood Plain,100.0,1271.0362639929858,146.38833231100048,24.47975918517567,16.722479721381536,22.30022826586781,3.627186764808581,16.265245008098255,41.4995824751724,7.122054304529364,17.161749299020574
3538019,Petrolia,13.512266722725688,MixedWood Plain,100.0,51.18097282346367,12.779339074178154,2.714703195322071,21.242907630547045,0.9167177657479608,0.0759062825011962,8.280223787226747,1.771559788515087,0.2256794093298364,12.7390230232647
3538030,Sarnia,174.89460549986194,MixedWood Plain,100.0,654.1591254387993,165.56872413786178,24.94514445195245,15.066338514018945,11.536608170210844,1.4681242788830302,12.725787833151298,21.85340853257952,3.3592399916643285,15.37169813421235
3538031,Point Edward,3.545311511017157,MixedWood Plain,100.0,34.997521098997744,3.357146525170307,0.6837523023073161,20.367067602824683,0.5687018577434952,0.0378015600470561,6.64699077950014,1.0118905951708477,0.1103436699413751,10.904703578428329
3539036,London,449.2094345457085,MixedWood Plain,100.0,2026.52277703384,425.1715659472236,76.90518426156072,18.088035612218462,36.5693105394921,4.161661235499008,11.380201524457856,69.59723547564839,9.415141981580406,13.528040183255127
3540028,Goderich,9.21420761917864,MixedWood Plain,100.0,76.23158918223272,8.791482768446569,1.6865704255137988,19.184140718185255,1.3760345889696222,0.1787943048385525,12.993445533402918,2.610932738017902,0.4001277294433502,15.325087606320665
3542029,Hanover,10.407361555542304,MixedWood Plain,100.0,60.90097210728851,9.971038072651224,2.3861052184694374,23.930359116911788,1.086561919191089,0.1014952275485102,9.340952020854026,2.0800261147156536,0.2653222699057119,12.755718210873631
3542059,Owen Sound,25.558470885672524,MixedWood Plain,100.0,138.28374314514613,24.589295769713168,6.730028205788633,27.369747669138462,2.527573152047136,0.3195275901689551,12.641675272985186,4.854059194994096,0.7428851927968576,15.30441148231117
3543031,Collingwood,34.71075784856216,MixedWood Plain,100.0,183.75157105517687,33.369336489157654,10.157268915085416,30.438929819254,3.393110070192197,0.4212325261587328,12.414349002679796,6.502349119347305,1.1425633024697648,17.571546551847607
3543042,Barrie,111.22348963448428,MixedWood Plain,100.0,706.0812274938781,106.78205190156218,26.433205549223512,24.75435251383927,12.83513534594707,1.0954564001577811,8.534825466438821,24.357769440999498,2.642098288013424,10.847045310997114
3543052,Orillia,82.89793026283519,MixedWood Plain,100.0,211.04738615193912,79.74454495935943,9.699848540911647,12.163651502250122,3.825654794422341,0.5189734405200593,13.56561081456442,7.16656423542257,1.3599405058467728,18.976185256596462
3543064,Wasaga Beach,61.81357072913684,MixedWood Plain,100.0,305.5614874329823,59.4246822086449,33.20162881137242,55.87178185454791,5.628826472609849,1.1482629554356294,20.39968652476914,10.823460728092035,3.167946704914698,29.26925855324968
3543074,Midland,38.28262535157312,MixedWood Plain,100.0,150.21463960736872,36.889888821637385,17.56173444535903,47.605821015807386,2.733496128181086,0.4265452904215604,15.604386120180488,5.213496533427482,1.1404332084356368,21.87463252585857
3547002,Arnprior,14.641686930461152,MixedWood Plain,100.0,80.65706791831394,14.201251333208544,2.5019667833883457,17.6179318616641,1.4723136242802553,0.0753670417619377,5.118952953979568,2.82095645465017,0.2448756154117823,8.680588280904521
3547048,Renfrew,13.479638448093752,MixedWood Plain,100.0,73.1325463644596,13.07956802280763,4.192657153890167,32.055012417682136,1.3323820941585391,0.1044816238424739,7.841716298991465,2.5226560461695224,0.2808513026607279,11.133158762851602
3547064,Pembroke,16.167999415689273,MixedWood Plain,100.0,108.36777461528808,15.737843407695191,3.576260493965332,22.723955254356387,1.969944784015764,0.1659631572023059,8.424761879060764,3.724442570673469,0.4529803229785281,12.162365626075912
3548021,Mattawa,3.96558486506625,Boreal Shield,100.0,27.39038428839797,3.8774514351996103,1.6737997429731344,43.16752307400512,0.5048186919522123,0.0426277395879413,8.444168226634647,0.963312012257642,0.1289151281246367,13.382489420277032
3549032,Parry Sound,14.452421545748049,Boreal Shield,100.0,75.75481143409749,14.008032562537954,7.270665910559442,51.90354804002651,1.4090378330866355,0.2705732396998804,19.20269515454835,2.677781791997909,0.6659243964630268,24.868508645963143
3554052,Englehart,3.0434000866460265,Boreal Shield,100.0,17.27483019372916,3.0146853325891225,0.7435373058817377,24.66384460905445,0.326635270909757,0.022229843599648,6.805708256102497,0.6224644121842654,0.0619979592707456,9.960080939116024
4601060,Lac du Bonnet,2.239407717254367,Boreal Shield,100.0,15.130625416522172,2.26027746549522,0.3107935914235826,13.750240674787628,0.2786184453676955,0.0416598968694298,14.952311148836865,0.5339500214248963,0.0769434360244512,14.410231845130443
4602037,St-Pierre-Jolys,2.603439954367089,Prairie,100.0,11.37193642911572,2.612133329160332,0.4236529179606577,16.21865596335546,0.2068701400851819,0.0120272126685717,5.813894969868229,0.3893474056196334,0.0403719360375226,10.369129331495628
4602044,Steinbach,37.445108710354745,Prairie,69.65,154.087643512899,37.59754992460577,2.722372169636019,7.240823338475996,2.8274942426717065,0.1069201853541857,3.781446615896786,5.238316482071911,0.2917974660394928,5.5704436155808255
4602046,Niverville,8.661230132692763,Prairie,100.0,45.98474770352629,8.701172747494002,0.3500594077256684,4.023129041156985,0.8562295675526894,0.0273501601470222,3.194255510843385,1.6387585420786055,0.0772440022534169,4.713568245108305
4602061,Ste. Anne,4.187163939784005,Prairie,100.0,21.836055232029917,4.208277166159227,0.4304042143626148,10.227563379705629,0.3944099810390912,0.0154480302065844,3.916744238035233,0.7525668128849844,0.0533823650516869,7.093372194695149
4603040,Altona,9.35156997946102,Prairie,100.0,50.13757221795592,9.359205123178567,0.8200345143420893,8.761796579404274,0.9059907931460252,0.1571020646387626,17.340359949269523,1.7292532528019968,0.3122995779260912,18.05979415797289
4603050,Winkler,20.74789711984972,Prairie,100.0,122.47292184591448,20.77631759294744,1.5875734715777168,7.641264937712647,2.334711745035744,0.286645259570805,12.277543905807375,4.438455685302606,0.551671914143939,12.429366276444574
4603053,Morden,16.54341265470962,Prairie,100.0,91.06229731750246,16.568239747971877,1.941311465631281,11.717065271637669,1.6794460865465524,0.2571266932471572,15.31020824704693,3.2260684058214184,0.5145228159532199,15.948912150305524
4603074,Carman,4.304471175334292,Prairie,100.0,36.66828790241735,4.321468228337825,0.985216730554672,22.79819446766169,0.6717303135101113,0.1205319029056783,17.94349614443357,1.2715376250359889,0.2524061755830787,19.850468488963102
4607062,Brandon,80.50552549539948,Prairie,100.0,410.3195285615394,81.02017025538537,7.299255610199779,9.0091832529994,7.62838060223194,1.1776104431637209,15.437227172686836,14.122656951667183,2.167577991636512,15.348230853831144
4609029,Portage la Prairie,25.7386807611908,Prairie,100.0,162.21721973295,25.927904951097872,3.299746184060384,12.726620952537324,3.044160756394499,0.3859222593115938,12.67745990420952,5.718707656892805,0.8366497864085888,14.63004994494111
4611040,Winnipeg,471.4652656709198,Prairie,100.0,3717.346936921647,474.5518392518147,59.83065013916886,12.6078217784381,68.59484584525897,11.924250029700906,17.383594762499296,125.8343983091014,21.14427367299029,16.8032540840313
4612056,Beausejour,5.4565265625650765,Boreal Plain,100.0,38.137695820903744,5.500151836490391,0.667990350517728,12.144943819295872,0.6714741908346363,0.0508382022201687,7.571132727674517,1.267585275190086,0.1394846218783949,11.003963568248134
4613047,Selkirk,25.44799800453097,Boreal Plain,100.0,103.1781140578228,25.66859485186122,2.814389046145076,10.964328442548174,1.902985606000878,0.1565285792625815,8.22542108405781,3.594980272031945,0.3812935891097349,10.606277649869304
4614039,Stonewall,5.947613074927216,Prairie,100.0,46.71618766762273,5.998729086339617,1.1707413156637343,19.51648922318832,0.8886158566949883,0.1151352502000599,12.956695441861712,1.6797298071220934,0.2948477811701388,17.553286244012423
4617050,Dauphin,12.474292347500258,Prairie,100.0,87.78290109971793,12.670573559512356,1.279255449531742,10.096271045057376,1.6466989723558267,0.2293798970526095,13.929679978147458,3.100576064690832,0.4190408706203861,13.514935995036456
4618074,Arborg,2.2168147711656454,Boreal Plain,100.0,15.623182741658969,2.248095119573032,0.3128573862803974,13.916554666949176,0.2908286343916673,0.0079033514432107,2.7175286435403407,0.5600338808151404,0.0483339025798269,8.630531872371009
4620048,Swan River,6.828684726292227,Boreal Plain,100.0,56.74354154505976,6.979919497337202,1.0200449456258218,14.61399298394434,1.0867764099682833,0.0872865259165343,8.03169125828575,2.0376880778012394,0.231908042140872,11.380939245181803
4622026,Thompson,19.288587719776725,Boreal Shield,100.0,83.04907372537666,20.11224911110333,5.4773698228550565,27.233999502478195,1.6238331370456764,0.0787175810644583,4.84763977705698,3.10142279257502,0.245202435000947,7.906127329301098
4701008,Carnduff,2.660803145990308,Prairie,100.0,19.469875631564,2.664298317612648,0.2244964743134751,8.426101267617653,0.3633477979611875,0.0344047190977531,9.46881178055969,0.6868451418753087,0.0843635999722046,12.282768680850651
4701024,Estevan,19.264696056250187,Prairie,100.0,129.0455961596954,19.28561567471982,1.0154196102181043,5.26516564129787,2.398272721136223,0.1329771786732368,5.544706300551033,4.5676043208304,0.3327674217722393,7.285381972660485
4702047,Weyburn,19.24128556991752,Prairie,100.0,109.51035773174544,19.339475298375827,1.3210384283653465,6.83078732997627,2.060252404740943,0.2450933553597526,11.89627808688668,3.885896711191863,0.5034216567389059,12.955096188969442
4703036,Assiniboia,3.951453796694107,Prairie,100.0,34.66617862258198,3.970776743586644,0.2568698999807844,6.469008875799048,0.6226015783211158,0.0519802409522426,8.348877157107538,1.1632441719409186,0.1117137516902436,9.60363734329697
4704048,Maple Creek,4.33347665617853,Prairie,100.0,32.05593117772541,4.363147810613634,0.3218943647766076,7.377571852908103,0.597172147111252,0.0997424706100818,16.70246529289317,1.1196544858784805,0.1775952452496061,15.861611549768856
4705016,Kipling,2.567418990559737,Prairie,100.0,17.82084451613874,2.588732959371292,0.2021993453373404,7.810745585224332,0.3099711171011374,0.0360240333146642,11.621738712807336,0.5885611382209316,0.0760037701804264,12.91348769817971
4705052,Esterhazy,5.721842918383948,Prairie,100.0,36.82065467828587,5.79175502367219,0.8559945603320828,14.779536717859145,0.6995012318104882,0.0554283978494406,7.923988597700927,1.331327584529964,0.1508058421321756,11.327478216822112
4706027,Regina,180.65118616528204,Prairie,100.0,1390.306069476742,182.6118165525767,15.562262888671867,8.522045934629459,25.89824438559098,4.641652886474799,17.92265459143353,47.52668989046253,8.28965234473463,17.442099089669963
4706030,White City,7.5280871146146975,Prairie,100.0,44.65949124465506,7.607975473996598,0.6140347907402638,8.07093546553852,0.7973788410298027,0.0383694794183918,4.811951038083511,1.5151458780331284,0.1179738331811047,7.786301958874829
4706031,Pilot Butte,5.773346930658696,Prairie,100.0,34.510535853687976,5.837340724538863,0.2874032900817703,4.923531170171234,0.6497457351653103,0.0213563551037666,3.286878843203657,1.2454617415556346,0.0549656712791657,4.413276574076963
4706039,Indian Head,3.0443904296958544,Prairie,100.0,33.07705556496277,3.0786628502699416,0.5619616202757358,18.253431687931084,0.5960792773154775,0.0685333664919455,11.49735766701951,1.1193191835822958,0.1890724177817755,16.891733882078537
4707037,Caronport,1.8671029085355548,Prairie,100.0,12.81559187434379,1.8871306831215493,0.0913630455032984,4.841373537108333,0.2293260131920222,0.0122686352278321,5.349866357097143,0.427945005341426,0.0298698100234227,6.979824428513155
4707039,Moose Jaw,66.33901779245095,Prairie,100.0,359.88345812227243,67.02684626706433,5.536419064049335,8.260002330991101,6.7462632654312085,0.8461443368550452,12.542415016484853,12.59146177576928,1.8571784313305817,14.749506168572845
4708004,Swift Current,29.470293519557867,Prairie,100.0,205.89725466507,29.75610361777913,1.713520658809332,5.7585518615599645,3.895265831467417,0.3018097696360058,7.748117399276667,7.154708367408353,0.6809162611347009,9.517037259498377
4709012,Yorkton,36.40909232363196,Prairie,100.0,189.50033445186867,36.999026222689984,2.9081750396963995,7.860139405271522,3.4322068836995885,0.401718432010794,11.70437696861036,6.44900464072876,0.7913195961853345,12.270414432449728
4710068,Wadena,2.949974413850404,Prairie,100.0,25.981830137532228,3.0121730974370395,0.2720273454581195,9.030933371311852,0.4828939616788574,0.0542281165360908,11.2298187261564,0.9083086094064566,0.1114263414453552,12.267454066979273
4711066,Saskatoon,232.0374333729424,Prairie,100.0,1645.306691457367,237.2281158127907,14.18613309972855,5.979954378984143,30.55672780536061,2.8929487202387425,9.46746896024393,56.02416421320782,5.488590945889377,9.796827891982062
4711068,Warman,13.097150031603446,Prairie,100.0,97.36110289503549,13.405072759424671,0.4057141480327844,3.0265717711046363,1.863090089620944,0.0322050798707845,1.728584143632949,3.5574535748182243,0.092400338204317,2.597372987756796
4711070,Martensville,14.04161418023198,Prairie,100.0,66.60187479686924,14.369017483147683,0.2898935724558484,2.0174905681327364,1.28097080599991,0.0090183355372966,0.7040235027258915,2.4676057044228075,0.0298107995168956,1.2080860189074922
4711073,Dalmeny,3.2769527862737253,Prairie,100.0,18.847805589110205,3.354508381251352,0.2006152443262997,5.980466331446848,0.3287726959953298,0.0170871167968137,5.197243264098942,0.6302918814417179,0.0508363060845472,8.065518148237166
4711075,Osler,1.6104272223856957,Prairie,100.0,14.7403169865579,1.6484881775227944,0.0948720294740756,5.755093106984917,0.2712216607910154,0.0102542714477169,3.780771571787629,0.5089774374394476,0.0343429172538832,6.747434115479618
4713051,Macklin,3.0039618979593765,Prairie,100.0,16.97890447511466,3.074939520998168,0.1222051845581536,3.974230508393353,0.3103187066807233,0.0098420983447037,3.171609745986069,0.5881639820902758,0.0264893519148537,4.503735815429092
4714044,Tisdale,6.391500698255475,Boreal Plain,100.0,42.26010338155823,6.562740980970864,0.596029508006168,9.082020907642068,0.8186337691256252,0.0914652347179599,11.172912499768126,1.543535169643114,0.1858265079593476,12.039020011595408
4714051,Melfort,14.772542136065397,Boreal Plain,100.0,84.07797864331609,15.169413531320943,1.093704282694925,7.209931224016712,1.6341047281916643,0.173282732147795,10.604138716344911,3.089790471008236,0.3405432037749332,11.021563014394625
4714076,Nipawin,8.667604885880854,Boreal Plain,100.0,62.145457095515305,8.925917587282282,2.073455327411108,23.22960420747536,1.202051849306925,0.0934535899530798,7.77450573425456,2.23624584557517,0.2688166085828872,12.020888003650896
4715008,Humboldt,13.424879422268388,Prairie,100.0,75.44078746326478,13.729465911513554,0.3675202559322081,2.676872198094793,1.455000974157616,0.0321130423098077,2.207080467997616,2.7495666531052425,0.0890444669930859,3.2384909415643004
4715028,Waldheim,1.9230995339583443,Prairie,100.0,15.526857401436692,1.9720110093021064,0.3741350336250927,18.9722588697666,0.3011494690059901,0.0381153211483123,12.65661243704674,0.5693597023033613,0.1179372033297238,20.714006076054464
4715066,Prince Albert,69.05927193440765,Boreal Plain,100.0,322.218484886311,71.06362646536321,20.720501600142995,29.157675495553654,6.158213356664365,0.9121027858703136,14.811159228240184,11.556202128278883,2.00682369014155,17.36577179825112
4715068,Birch Hills,2.37759316391624,Boreal Plain,100.0,14.50263266239894,2.4435075245630395,0.1738610771165703,7.115225771513065,0.2651622484582001,0.0190553003799471,7.186279529135528,0.499604807905194,0.0452379136943073,9.05473946177311
4716029,North Battleford,33.92501295255652,Prairie,100.0,178.20478379190158,34.81760458588137,4.320886213196203,12.4100617046709,3.4216078574394,0.394172906734714,11.520107597300704,6.382809030660533,0.8305114321842928,13.011691689267826
4717052,Meadow Lake,12.1696628435546,Boreal Plain,100.0,60.68355385537711,12.585925187682813,0.7571651915203773,6.015967680003178,1.1859930789506878,0.0572845489833112,4.830091338643729,2.1965608217302823,0.1464125507808198,6.665535929275442
4801006,Medicine Hat,118.81486463511315,Prairie,100.0,544.2141963779409,119.75216062364456,5.510124410276845,4.601273481481464,10.113007366312427,0.8135215679533374,8.044309061449614,18.7770433569222,1.704681636828276,9.078541304000565
4802008,Raymond,7.699995925260704,Prairie,100.0,50.03481430282213,7.726761907307028,0.4557618520862701,5.898484482293497,0.9322752632100476,0.0204036282237679,2.188584104818286,1.7914902198469065,0.1215337154280348,6.783945236297225
4802009,Stirling,2.727742078653873,Prairie,100.0,21.178510220516117,2.7382614961057725,0.1812198626116514,6.618062696691819,0.3792535409219049,0.0055322620910695,1.4587239126684357,0.7294664798968558,0.0537386275684444,7.366839882216787
4802012,Lethbridge,124.23043371989152,Prairie,100.0,764.8971359253982,124.88091618994748,6.919374171672241,5.540777872855828,13.948362352901484,1.1362308449122425,8.145980267539352,25.71374187736389,2.394144872905698,9.310760309892087
4802013,Coalhurst,3.098198809703219,Prairie,100.0,17.877303820976223,3.1154551462390456,0.0794332884637986,2.5496527709503365,0.3173851563040958,0.0068648247310096,2.162931880920175,0.6062466142986291,0.0234719370842489,3.871681347268854
4802014,Nobleford,1.852360365404876,Prairie,100.0,13.033937742691572,1.8647660015589456,0.0753446513129472,4.040434630938097,0.2409063993195854,0.0157212654941456,6.525881229618085,0.4639212389364129,0.0358589286857464,7.729529427873734
4802018,Picture Butte,3.024727931895621,Prairie,100.0,16.718900541160714,3.0446943763564405,0.1384658235885872,4.5477741432389065,0.3166104044801434,0.0156663326553681,4.948142080514178,0.6106623965246752,0.0477550602090204,7.820206464455325
4802019,Coaldale,13.987812189013551,Prairie,100.0,86.85067584311757,14.065501705560417,0.5963966059766259,4.240137454470299,1.5682054823248377,0.0650908465315374,4.15065801421899,2.9519643415419234,0.1651409374500948,5.594272773763771
4802022,Taber,19.60723097458185,Prairie,100.0,96.8719841323404,19.726273803050574,0.7913391685326071,4.011599841072013,1.778925476926723,0.0858473867641977,4.825800061760198,3.325845620612791,0.2515577146245751,7.563721931814301
4802029,Vauxhall,2.697145424702974,Prairie,100.0,19.421762258174915,2.719056766163694,0.1238834708293676,4.556119326782365,0.344175700529036,0.0165725231585469,4.81513457605322,0.6504999896678946,0.0493178676331361,7.581532423746048
4802034,Brooks,19.397542147729958,Prairie,100.0,113.67512591069884,19.62314536155246,0.9404441284079792,4.792524904037999,2.1126513694961915,0.1561381051713578,7.390623338321668,3.940381432536937,0.3571084981685144,9.06279009488168
4802036,Duchess,1.9309668402059597,Prairie,100.0,9.945393465643372,1.9561400390195711,0.0626398483275572,3.202216972101481,0.1813006520532965,0.0103410195034083,5.70379609024705,0.349003958651525,0.0231373846685129,6.629547916278862
4803002,Magrath,5.970302519215947,Prairie,100.0,37.64773042775538,5.9892601896381885,0.4388990319415083,7.328100934750377,0.6820633145935728,0.0158358817170437,2.3217612468250146,1.304902016433225,0.1089987089644426,8.353018662839991
4803004,Cardston,8.573953552974682,Prairie,100.0,48.07499740212392,8.586514892461127,0.5191925982900456,6.046604528059358,0.8883212908851504,0.0201772031685249,2.271385744725286,1.7020003245249842,0.1052865858972376,6.186049695767381
4803026,Nanton,5.142272716115205,Prairie,100.0,32.88827170383584,5.194141633067657,0.3569815709507685,6.8727731388397935,0.6194709650423279,0.0465635587106831,7.516665241526129,1.1788622264670483,0.106318504509528,9.01873875695854
4805018,Strathmore,27.91824423151313,Prairie,100.0,118.14882698712654,28.33766760766536,0.6713177675656165,2.368994431228435,2.255308996747185,0.0576280341146394,2.555216788376044,4.244837371867238,0.1569783087570916,3.6980994795576647
4805048,Three Hills,6.630076269392306,Prairie,100.0,37.23366970992176,6.75893974692666,0.2752407342115898,4.072247194343518,0.6857144696604921,0.058505072825378,8.531987498286979,1.291491414078663,0.1267991836640507,9.81804309976834
4806006,High River,22.537865985522,Prairie,100.0,112.19728002610672,22.802587760841995,1.773170394846245,7.7761805521531295,2.037396388082486,0.1059444992936607,5.199994459270213,3.850044805313056,0.2196579972349264,5.705336128343204
4806012,Okotoks,38.48585332300943,Prairie,100.0,214.7809946403244,38.9782561936589,1.47255705185006,3.777893614670274,3.903509164319229,0.0726797264817892,1.8619074125951125,7.283640061115415,0.1739702646956433,2.388507164493265
4806016,Calgary,836.7533880811487,Prairie,100.0,7184.523436186291,849.2532844350636,52.665192952106445,6.201352872852313,130.3522909247546,7.16546766922395,5.4970017161878575,233.93810389628635,15.8311383644329,6.76723376857472
4806017,Chestermere,36.41189929968623,Prairie,100.0,152.61030121154155,36.9549807375186,0.5073005619460662,1.372752878831915,2.809771307027568,0.0239359128028439,0.8518811742072183,5.31841730665995,0.0702964090913548,1.3217542933933866
4806019,Cochrane,31.726365162273726,Prairie,100.0,191.2871606480184,32.232765505262826,1.283404735971459,3.981677388996952,3.593874418405833,0.0247371404067857,0.6883139900519573,6.795095573322347,0.0860621708089126,1.2665336326805194
4806021,Airdrie,84.34905890062245,Prairie,100.0,427.34386510693656,85.75505401436087,1.2443259580178787,1.451023467152734,8.030576831026954,0.0511236622035297,0.6366125781401939,14.925355473310397,0.1609873667974775,1.0786166338574388
4806029,Carstairs,11.72635087720652,Prairie,100.0,46.29059177463397,11.943317978022494,0.3912615705306296,3.2759872193858515,0.878833188143503,0.0182564800532616,2.077354417148003,1.696284332598829,0.0530843742609716,3.129450248452307
4806034,Olds,14.632160886908569,Prairie,100.0,75.08407943711532,14.926041330836007,0.3539443529460602,2.3713210026749656,1.404694773653183,0.0219119279017051,1.5599067009211451,2.6720211178871103,0.0605219669743593,2.265025772783446
4807002,Provost,4.865188035042165,Prairie,100.0,33.28727614074578,4.980212839036592,0.3081819318718929,6.1881277333422124,0.6243698009395615,0.0710064891169671,11.372505366229344,1.1723268970914251,0.1424166977568628,12.148206964303432
4807026,Stettler,13.28705782974197,Prairie,100.0,72.26593335304588,13.598610118164984,0.6126926126301144,4.505553194820119,1.3710790178758074,0.0489086575288595,3.567165487269508,2.567577859901001,0.1204055023890467,4.689458663336865
4807054,Wainwright,12.07696656740782,Prairie,100.0,68.43961923075896,12.399364304693062,0.9756868699391784,7.868845901800696,1.3007923059791264,0.0877464787755803,6.745617910887952,2.471032819198282,0.202703778899772,8.203200593893309
4808008,Innisfail,19.59011686837239,Prairie,100.0,81.42727932652662,20.01372447953299,1.8415961289016236,9.201666240508754,1.588516313811396,0.0574538819627565,3.616826686841191,3.022708528655253,0.1894520652142365,6.267625985708923
4808011,Red Deer,105.26120841598562,Prairie,100.0,701.4238887681199,107.70851095633844,11.28280229892504,10.47531174532598,13.06145334875822,0.5172582700968654,3.960189239936628,24.02799042499792,1.463075779240137,6.089047620553409
4808012,Sylvan Lake,22.96125486417285,Boreal Plain,67.42,122.8127036043416,23.49861746725153,2.3312761921981378,9.920907880844831,2.350126822413066,0.0749430389347856,3.1888933916270776,4.51359781169505,0.2528117919460445,5.601114731378843
4808024,Eckville,1.5734927724691945,Boreal Plain,100.0,13.85938879264302,1.6107570928508013,0.1372715139555472,8.522173490019966,0.2644767969413926,0.019814481413139,7.4919545465948465,0.5026638073386941,0.0369679622636682,7.354410984827344
4808026,Bentley,2.1903448670731582,Prairie,100.0,14.65069667246268,2.243718471456976,0.0958259897924937,4.270856215319582,0.2705292336279905,0.0085670521273734,3.166774995989586,0.4998570678290805,0.025587651448699,5.118993627484014
4808029,Blackfalds,16.84288571100851,Prairie,100.0,82.1715638419883,17.245520828240473,1.0047905636058536,5.826385724230809,1.5350198250632776,0.0258833634665643,1.6861908259391611,2.963143809770493,0.0718314293153884,2.4241627786857936
4808031,Lacombe,21.32349068965183,Prairie,100.0,111.04687865892798,21.84500183487709,1.6551646822576365,7.57685760234201,2.1292969977459224,0.1051592390813653,4.938683480636432,4.0825924158252285,0.2496720401116707,6.115526966245139
4808039,Ponoka,17.19449851225575,Prairie,100.0,87.10018256168976,17.63737632605228,1.8328799430297973,10.39202151808962,1.665925760957629,0.1413210561197394,8.483034444374246,3.1776249922318835,0.3138248613920675,9.876082362118034
4809015,Rocky Mountain House,13.471019532640437,Boreal Plain,100.0,69.86381061576643,13.792494121013451,2.155230786884496,15.626113507642614,1.3399227190706524,0.0422304275163884,3.1517062077788127,2.5262793591378245,0.1458710517503009,5.7741457302680965
4810011,Camrose,42.447890516317415,Prairie,100.0,189.2452427894953,43.62725495341477,2.86926971774246,6.576782611709742,3.489013242821729,0.434962248909026,12.466626482542427,6.554515932425936,0.7785592365314787,11.878211061778911
4810028,Vegreville,13.947613852749804,Prairie,100.0,75.63343349987491,14.375845028782384,0.4322584754760406,3.00683872572778,1.402086597715916,0.0223191856927684,1.5918550058981944,2.63405935246862,0.0658485093908001,2.4998870784398783
4810052,Two Hills,3.226951620346372,Prairie,100.0,21.269187505638264,3.330085145106805,0.232245778983571,6.974169393981734,0.393467928651094,0.0176847300858726,4.494579811498314,0.7468560964418112,0.0434107568092107,5.812466018022657
4811002,Wetaskiwin,19.045989625553847,Prairie,100.0,114.00912265852072,19.570874733543896,1.3668840439626364,6.984276699803499,2.131536660915853,0.1753299001637975,8.225516519545288,3.96280222289085,0.3763808250175407,9.497845308640516
4811013,Beaumont,24.184523315787228,Prairie,100.0,111.41640665511764,24.906795985570486,0.9347785186280746,3.753106257302744,2.153749014651213,0.0419457698100543,1.947570005822951,4.1500093113363175,0.1283499191768164,3.092762197574139
4811016,Leduc,42.250087942878565,Prairie,100.0,239.4630767698096,43.48786707168912,2.146551017560117,4.9359767726054695,4.49176640907433,0.1354885590242746,3.0163758905752247,8.434477502941492,0.3071951239166479,3.642135790978336
4811018,Devon,13.867896539010111,Prairie,100.0,56.45773442093088,14.281521561174998,2.7541203369841822,19.28450218127591,1.0725275347116563,0.109461853816664,10.205971434205868,2.0070666736529903,0.2291708208763555,11.418196708894076
4811019,Calmar,4.535648309160709,Prairie,100.0,21.128644030130754,4.66853140819596,0.2940259773857876,6.298040040377639,0.400474135583274,0.0221584616891244,5.5330568744100095,0.7736075187735044,0.0614060780605661,7.937626841828116
4811048,Stony Plain,35.04555538199801,Prairie,98.63,139.24250537398768,36.12689596259419,3.62577685773166,10.036225812164409,2.683605258272665,0.098054032406547,3.653817270788205,5.067171039733369,0.281659551993175,5.558516769704221
4811049,Spruce Grove,36.57492848321854,Prairie,100.0,241.8711646159513,37.70774262930164,3.472380633748052,9.208667482125438,4.525589402895565,0.1180426490842179,2.608337579381192,8.359532684977273,0.3013217216426485,3.604528303168753
4811056,Fort Saskatchewan,55.6105097806088,Prairie,100.0,209.854878082911,57.38518479664808,4.832288342920825,8.420794252113453,3.9716697642393672,0.3512139571841794,8.842979855638678,7.408915506253369,0.6686590595020611,9.025059861159042
4811061,Edmonton,760.1567465489625,Prairie,100.0,5292.440047360292,783.5812922376405,86.80576544516153,11.078080386180982,99.4755510036476,9.594181988095524,9.644763855335388,181.9744244048969,19.749116044792665,10.852687738607964
4811062,St. Albert,47.40673458197555,Prairie,100.0,398.4981900779841,48.90097358223319,8.133365755928804,16.63231866386365,7.516178337755358,1.8675019435959448,24.846429391052183,13.9802958032101,3.224666408772892,23.065795274749885
4811068,Morinville,10.905280270980692,Prairie,100.0,63.32062887877601,11.258684876923647,0.6804535617658125,6.043810349115495,1.1935098728092963,0.0473213299804752,3.964888021335743,2.28870428659232,0.1384858613778563,6.050841176343039
4812009,Bonnyville,16.23848570488799,Boreal Plain,100.0,73.8531601634169,16.808011755012178,0.5161740629762059,3.0710001307696726,1.4439160018706838,0.0582221914166979,4.032242273183995,2.752842740043839,0.1379940229993493,5.0127826407240335
4812018,St. Paul,9.898629312167598,Boreal Plain,100.0,60.96521145126936,10.230818821289144,0.5622225317372479,5.495381567771763,1.1477429214893502,0.0282277709035929,2.459415812990911,2.1608077509273618,0.0767596754872883,3.55236024372576
4813019,Barrhead,8.115510060337861,Boreal Plain,100.0,44.31447684331726,8.393791318061632,0.5002033807752413,5.959206773450649,0.8690723314623915,0.0366121740861775,4.212787907373616,1.6383006882290894,0.0681491799020206,4.159747987146733
4815035,Banff,4.146390434959455,Montane Cordillera,100.0,41.45588238273626,4.212242661937751,0.9496615706214312,22.54527212315352,0.7669986579356793,0.0712850112461567,9.29402033610008,1.4150703341655673,0.2047586529176254,14.46985693741977
4817029,Slave Lake,13.813483519522531,Boreal Plain,100.0,67.10086709386977,14.371081693793744,3.92086910089072,27.28304789043107,1.281326536435889,0.0482683348905764,3.76705964623496,2.462986344947378,0.1616364493085404,6.562620602429438
4819009,Beaverlodge,5.17684670864776,Boreal Plain,100.0,34.62360153731732,5.383781155262271,0.4044401387668628,7.51219500019147,0.6650247714127766,0.0335693988388206,5.047841867229389,1.271372474949818,0.0860343938389221,6.767048644994301
4819012,Grande Prairie,130.57748606928766,Boreal Plain,100.0,546.2869769612137,135.78596663592052,10.406146120746788,7.663638871201267,10.506129512414716,0.3031472276906322,2.8854320454779656,19.767688593157686,0.8346984315077107,4.222539360502826
5901012,Fernie,15.848526423229622,Montane Cordillera,100.0,81.75821511685086,15.91011765994327,7.228916039610004,45.43596844547648,1.5132491297995436,0.1141738355608576,7.544946388040014,2.811875501876105,0.3528876175603461,12.54990191866236
5901022,Cranbrook,32.00836836184978,Montane Cordillera,100.0,194.3808858484581,32.14063503023096,7.188107792747429,22.36454813660779,3.596474555827459,0.2092157018157366,5.8172440418559095,6.818296704420726,0.6802837640616094,9.977327088458017
5903004,Creston,8.414590542655533,Montane Cordillera,100.0,56.6229282262297,8.421599493235469,2.527625916520577,30.013608680285227,1.066278541190396,0.0742511527004652,6.963579386824302,2.0209112690770303,0.1940038670461075,9.599821130925308
5903011,Salmo,2.475507066883171,Montane Cordillera,100.0,18.31548161195121,2.4791772974450708,1.151313288183705,46.43932845666976,0.3483443433059606,0.0423610324310578,12.16067757237871,0.6620291201807258,0.1180430127090814,17.83048647117776
5903015,Nelson,16.008757662799283,Montane Cordillera,100.0,98.61013937380562,16.067560503007684,4.977794524724302,30.98040006628579,1.8268162153104155,0.3628181842815472,19.860683370379245,3.381969332458429,0.8345755215154306,24.67720548219043
5903045,Castlegar,23.142591005964697,Montane Cordillera,100.0,113.86461293596766,23.19653295278289,9.191244792492656,39.6233558316739,2.068221810246679,0.2429319013177759,11.745930736935858,3.903448654901245,0.6872490640394274,17.606202227778873
5905005,Fruitvale,2.6995720762075472,Montane Cordillera,100.0,19.94822994350235,2.7019531240539143,1.0072672540631598,37.27922757415909,0.3724350017462151,0.049864618980065,13.388811133826742,0.7108546536083807,0.1060501853449956,14.91868763982519
5905009,Montrose,1.460768123972377,Montane Cordillera,100.0,11.804605698624378,1.461848969762187,0.6539791764827184,44.73643926356547,0.210900578987475,0.0255364722892218,12.108298806869769,0.3877032048425874,0.0544968482053887,14.05633162808525
5905018,Warfield,1.8863738427778876,Montane Cordillera,100.0,21.543373871876607,1.8878149239879063,0.7498837210516739,39.722311309393895,0.3912862470381038,0.0767162797107789,19.606178415800105,0.726189005471132,0.1856961024759593,25.5713183588458
5907005,Osoyoos,10.28944555162158,Montane Cordillera,100.0,56.395360608409895,10.291322624030174,0.6298958013686414,6.120649642231977,1.0386104271422276,0.0350832850508091,3.377906107426826,1.9891255653160167,0.0966460440180647,4.858720118189744
5907009,Keremeos,2.1730610962986785,Montane Cordillera,100.0,23.311718929903407,2.176514790445778,0.2380369319121993,10.936609893813142,0.4299035670243986,0.0335233463120384,7.79787582226223,0.8169800262214838,0.078216344932874,9.573838089362235
5907014,Oliver,6.017940227805539,Montane Cordillera,100.0,50.04995941530137,6.02661237780927,0.6796042829009153,11.276721320310928,0.9314415236612044,0.0807484638502827,8.66919305174262,1.7618082254903056,0.1757770350541983,9.977081075625025
5907041,Penticton,47.40733714229865,Montane Cordillera,100.0,232.1233985015045,47.58756057758893,6.232756677223094,13.097449420759702,4.406437504423548,0.2614024110196739,5.932284544084795,8.397113925116766,0.7209962706444405,8.586238999185838
5909052,Abbotsford,385.2262595055366,Pacific Maritime,100.0,1126.4157078183964,385.43238555966326,87.72421465581655,22.75994907081757,21.42551190900061,2.362524688400038,11.026689576586351,40.85447239299425,6.071798216384711,14.862015981941568
5915001,Langley,314.5850234151952,Pacific Maritime,100.0,1010.9931996093052,314.812302503487,87.00652309608483,27.6375867156974,19.480830259200417,2.893594366189299,14.853547449923038,37.65286306942573,7.715224079704489,20.49040484777712
5915002,Langley,10.21420127409874,Pacific Maritime,100.0,101.30779445231164,10.2221589665499,1.418951244620659,13.881130681531278,1.806564620884058,0.1438697193212126,7.963718411069552,3.317993335148254,0.3646313483009149,10.98951418733403
5915004,Surrey,323.81417268653786,Pacific Maritime,100.0,2151.5017404088226,324.1063725827218,63.66256510691745,19.642491012937064,40.14948059511017,3.851864091894581,9.593808026407451,75.30743660876806,9.997372305612702,13.27541177314314
5915007,White Rock,5.122478697596236,Pacific Maritime,100.0,72.08460503458188,5.123494700210524,0.8429484514058357,16.452607072496804,1.2894227348486411,0.1027038348861935,7.965101910371501,2.4074011925706658,0.2477583157468769,10.29152583754917
5915011,Delta,185.3373559256894,Pacific Maritime,100.0,757.5650168626826,185.48003097952417,22.20071001609695,11.969326238978129,13.842739408829754,1.2012267042877989,8.67766609491747,25.615923368159606,3.0100406466300136,11.750662286769138
5915015,Richmond,130.13907435174656,Pacific Maritime,100.0,775.5606701978493,130.30410177397968,17.17373169708584,13.179732228901525,14.373541839601412,1.8516280107615355,12.882197244245,26.58408252193547,4.058979919951741,15.268459675456292
5915022,Vancouver,115.26644781048856,Pacific Maritime,100.0,1569.0741124471615,115.48743846942564,26.43677156767403,22.8914693390424,28.713986185479943,8.478292750142863,29.52670066558072,52.43643826743285,14.457787511750904,27.57202432021461
5915025,Burnaby,91.0285329196112,Pacific Maritime,100.0,807.1134396542209,91.20115633479236,23.0188819218075,25.23968209055044,14.928798859440152,1.552409952348657,10.398759920105682,27.710670499891204,4.010981505131799,14.474501817440853
5915029,New Westminster,17.524352010414116,Pacific Maritime,100.0,213.54515544780065,17.552416292330093,1.5149642710254951,8.631086716462459,3.77112333120272,0.2287394526664879,6.065552159853027,6.861207447525693,0.5624153265203717,8.197031365422298
5915034,Coquitlam,129.39329451970377,Pacific Maritime,100.0,591.4205057590552,129.68948031899433,65.37784101786416,50.41105944526552,11.056031868529644,1.008070003417018,9.117828307698996,20.669957863512145,2.7020468513446105,13.072338459452917
5915039,Port Coquitlam,33.656509527519965,Pacific Maritime,100.0,234.92693577434045,33.72211286639049,5.130895921537487,15.215226702628264,4.407733542728012,0.3187097236809786,7.230693974384948,8.223090032949719,0.8543436480754895,10.38956942769878
5915043,Port Moody,26.291161109922097,Pacific Maritime,100.0,138.11552450655188,26.351276893370557,15.325248334577072,58.15751698329501,2.621040075964313,0.3009258013695966,11.481159869670527,4.948822108538116,0.8650764260307539,17.480451045881253
5915046,North Vancouver,162.8954677717622,Pacific Maritime,100.0,423.7815065137542,163.34967804379735,125.6925542609955,76.94692500544433,8.041337570707576,2.210654148912888,27.49112482189162,15.330693184692665,4.946909369017615,32.268008428718595
5915051,North Vancouver,11.831956063714,Pacific Maritime,100.0,145.7950195676572,11.86112036093584,2.559169004120796,21.57611529303188,2.648569239108191,0.3962476815626051,14.960820193472724,4.850370399936336,0.9448028334661642,19.478983161338885
5915055,West Vancouver,88.53158316920181,Pacific Maritime,100.0,353.44880425399026,88.78214403354185,64.99172121414668,73.20359507154144,6.652089520222267,1.8003040290472556,27.06373724488154,12.38179858885828,4.129126897182693,33.34836104423694
5915065,Lions Bay,2.523943459097576,Pacific Maritime,100.0,18.20062653634839,2.5329217070929464,1.8347982123365216,72.43801524534027,0.3436102493890992,0.119000566654089,34.63242638007998,0.6476345469738676,0.2840921441872293,43.86611948276634
5917010,Sidney,5.119100242522801,Pacific Maritime,100.0,59.46295057881914,5.105131301086481,0.8170466458504414,16.004419821220985,1.1000411785009498,0.1743234672592642,15.846994700400089,2.059066526654305,0.3230413316179362,15.688727267245373
5917015,Central Saanich,41.576025778893545,Pacific Maritime,100.0,167.39885082135308,41.43940082222005,12.120115422218133,29.247805667400613,3.1674849935655347,0.8019136759708081,25.317047360913303,6.080679855682544,1.6572495967126335,27.25434714613192
5917021,Saanich,107.40177333691037,Pacific Maritime,100.0,657.6574678364644,106.97782659942932,45.64683214067142,42.66943308877703,12.48020355312162,3.4174654313674995,27.38309048262841,23.797986322341224,7.114396728113155,29.894952588632496
5917030,Oak Bay,10.58053604220229,Pacific Maritime,100.0,100.44099624913387,10.533291495970529,3.596507469406055,34.144193871230904,1.909836055843056,0.6119482437006206,32.041925369897235,3.6405842220853577,1.2551352368729034,34.47620382626257
5917034,Victoria,19.564007657844087,Pacific Maritime,100.0,269.87770148423004,19.476343728449944,4.231248352403036,21.72506509125872,4.950604996138594,1.1431692497232575,23.091506000073007,9.201442381752097,2.15421160845038,23.41167307337075
5917040,Esquimalt,7.115418666209158,Pacific Maritime,100.0,64.35041493689792,7.083750800370932,1.4610611666185125,20.625530284634035,1.2104808191522245,0.1778883342301389,14.695675587385622,2.306767715588045,0.4024646434065113,17.447124852963977
5917041,Colwood,17.78141452390084,Pacific Maritime,100.0,128.31482293544644,17.70133249356023,6.43412900046165,36.34827492677399,2.4442497100530414,0.3210069878040052,13.133150286720875,4.701669296500196,0.9126922495550422,19.41208945160025
5917044,Langford,42.60772826565909,Pacific Maritime,100.0,251.27416049641943,42.42382507830738,20.248481979946767,47.72903419852267,4.697806321762866,0.6835430238788573,14.55025978215202,8.85033751731048,1.7994739282069352,20.3322633141089
5917047,View Royal,14.85926130319641,Pacific Maritime,100.0,80.49012477820538,14.797522566148826,8.50048591484831,57.4453316550044,1.4789307158003102,0.2850580234601101,19.274602955680283,2.6862912012573474,0.6458121160523864,24.04103158101799
5919012,Duncan,2.07442085956193,Pacific Maritime,100.0,27.613560814793765,2.0707975570466304,0.4566743152072112,22.05306422413013,0.4956894334930947,0.0574145373512536,11.582764019530693,0.9190151220169112,0.1106238254699268,12.037214929298106
5919016,Lake Cowichan,9.750262168111366,Pacific Maritime,100.0,40.60800279449442,9.736609498047873,4.69714524731484,48.24210366305218,0.7388969507884604,0.1202377159109223,16.272596034212803,1.4228453329259476,0.2918350804400419,20.510667862958133
5919021,Ladysmith,12.046943245035903,Pacific Maritime,100.0,85.68305252556826,12.044219565128072,6.239934656708214,51.80854286960072,1.552953896165033,0.202293135150889,13.026345189670158,2.8464399631139927,0.4611607842638474,16.20131779485486
5921007,Nanaimo,92.69533170896206,Pacific Maritime,100.0,703.1678665416629,92.82453455654674,37.14829066814842,40.01990513135132,13.156130753096509,1.7554122605509093,13.342921969194816,24.542051383353545,4.694121504557593,19.126850609324105
5921018,Parksville,14.567689198852232,Pacific Maritime,100.0,128.64528205240435,14.603114375852469,5.170303381228485,35.4054843929596,2.3848449063635404,0.3261037603511691,13.674002845259182,4.499436430790316,0.8356029296585805,18.57127981496582
5921023,Qualicum Beach,17.950599727558416,Pacific Maritime,100.0,107.94617144606674,17.99795822958247,8.832982385770244,49.07769133085247,2.052864211831407,0.3300505523442113,16.07756374932201,3.930040813138097,0.9683160800099928,24.6388301305401
5923008,Port Alberni,20.10847779194289,Pacific Maritime,100.0,167.74471271774934,20.146902769449763,6.778724006377802,33.64648196276046,3.0884322934692845,0.2940536294145019,9.52112921614956,5.773672847861538,0.7996420267006198,13.849798001575245
5926005,Comox,16.785874710981727,Pacific Maritime,100.0,117.54854595803266,16.874328551947077,3.992271505969929,23.658846594576197,2.206189722426024,0.1562582169426924,7.08271892277986,4.264798372266991,0.4858894401379944,11.393022547035809
5926010,Courtenay,32.53202482033175,Pacific Maritime,100.0,203.03077473480977,32.704340036081895,10.713200096399284,32.75773210705268,3.770130683595016,0.2339582759066847,6.205574701288427,7.169157061751844,0.7591435623637385,10.589021217206188
5927008,Powell River,30.92212941285555,Pacific Maritime,100.0,137.215763205101,31.12437434036844,15.52005785417233,49.86464204693347,2.6279285367268184,0.3781979237674941,14.391484337643124,5.063672726100799,1.0635403357714663,21.00333874836395
5929005,Gibsons,4.299664201439036,Pacific Maritime,100.0,39.03156817656966,4.312694599422633,1.7156540701613647,39.78148766645916,0.7297388680021845,0.1421944370098132,19.485660315600395,1.3865335241020318,0.321330650716449,23.17510865267785
5933054,Chase,4.373826104927095,Montane Cordillera,100.0,33.2117703723683,4.433131293665268,0.6723117841572513,15.165618602768491,0.6476457206646298,0.0405128465717025,6.2554024953839455,1.2367675562785942,0.1229857974368357,9.944131927821362
5935010,Kelowna,259.6724120974077,Montane Cordillera,100.0,975.6071511200536,261.4129573761615,41.52825269172795,15.886072790175684,18.72884311635386,1.5678665016786353,8.371400688970414,35.807326517565386,4.408816456770484,12.312609975524778
5937014,Vernon,115.9601896354203,Montane Cordillera,100.0,375.1761869150537,117.03455829877998,18.44966645180458,15.764289385964132,7.140482503419354,0.537219197108131,7.523569966747676,13.568538391332837,1.399298644989092,10.312817818925296
5937028,Armstrong,5.164290254734143,Montane Cordillera,100.0,39.44113927923765,5.219994896100627,0.730326619179548,13.990945081672535,0.7393174060437304,0.0831685769324722,11.24937357792342,1.41569605528424,0.1883411230982251,13.3037824323393
5937033,Enderby,4.213821515948111,Montane Cordillera,100.0,27.068688082848706,4.2625236210961965,1.0197830088508242,23.92439548730444,0.5242873180433439,0.0339436134745476,6.474238896570343,1.0075663005449855,0.1009904464651986,10.023206057067773
5955014,Dawson Creek,25.83250499905244,Boreal Plain,100.0,149.33080074172912,26.936021343717066,1.7926079881101595,6.655058537545646,2.8603314099188304,0.104084240645942,3.6388874479721824,5.353423203265054,0.2603681624552847,4.863582656728616
5955034,Fort St. John,31.63944339929468,Boreal Plain,100.0,182.6521093248768,33.06357877831437,3.9130276712697567,11.834858221204476,3.499031860500825,0.075796697970711,2.1662191426820017,6.557005617156479,0.2804490963522758,4.277090988277905
4806009,Diamond Valley,12.683211137057524,Prairie,100.0,58.889078580226304,12.840529173804896,1.426480933347373,11.109206747159933,1.1149976571178324,0.0526503951544971,4.722018456127852,2.13911402002763,0.1696984746683662,7.933119650451093
4717029,Lloydminster,41.58678873302667,Prairie,100.0,244.050047661302,42.81007536023926,1.2891681298863766,3.0113661773268405,4.571944256353828,0.108388775442013,2.37073702924922,8.543314864998575,0.2562531285539828,2.999457852172063
